OpenTime,LTC-USD_Open,LTC-USD_High,LTC-USD_Low,LTC-USD_Close,LTC-USD_volume,CloseTime,LTC-QuoteAssetVolume,LTC-NumberOfTrades,LTC-TBBAv,LTC-TBQAv,LTC-ignore,ETH-USD_Open,ETH-USD_High,ETH-USD_Low,ETH-USD_Close,ETH-USD_volume,ETH-QuoteAssetVolume,ETH-NumberOfTrades,ETH-TBBAv,ETH-TBQAv,ETH-ignore,BTC-USD_Open,BTC-USD_High,BTC-USD_Low,BTC-USD_Close,BTC-USD_volume,BTC-QuoteAssetVolume,BTC-NumberOfTrades,BTC-TBBAv,BTC-TBQAv,BTC-ignore
2022-06-14 01:00:00,43.5,43.5,42.8,43.2,5958.987,2022-06-14 01:04:59.999,256295.3983,633.0,1641.382,70688.5623,0.0,1209.35,1213.27,1200.0,1205.57,12952.2046,15622551.776765,10717.0,6426.6979,7752512.866717,0.0,22485.27,22525.84,22308.69,22405.43,1356.53805,30421246.8179194,13306.0,645.69203,14479256.0622097,0.0
2022-06-14 01:05:00,43.1,43.6,43.0,43.6,3755.194,2022-06-14 01:09:59.999,162861.9682,366.0,2318.756,100518.2576,0.0,1205.58,1223.32,1203.0,1222.27,15560.9308,18890258.765507,12254.0,8653.7805,10508350.339969,0.0,22405.43,22760.53,22380.54,22758.72,1570.15985,35442673.8091446,15486.0,902.92959,20379480.2897239,0.0
2022-06-14 01:10:00,43.5,43.9,43.4,43.8,3711.112,2022-06-14 01:14:59.999,161926.4428,426.0,2170.629,94717.6529,0.0,1221.92,1225.0,1217.33,1220.0,6417.2076,7833476.471234,6784.0,2691.8194,3285814.14309,0.0,22758.71,22796.71,22654.65,22699.73,983.19626,22334702.5508026,10258.0,473.43174,10755306.2722452,0.0
2022-06-14 01:15:00,43.8,43.9,43.2,43.6,5130.377,2022-06-14 01:19:59.999,223102.1081,591.0,2429.459,105666.4341,0.0,1219.99,1220.09,1207.11,1216.08,11429.1802,13864239.882052,9458.0,5365.8007,6506653.445956,0.0,22699.73,22703.79,22457.53,22546.82,1047.92265,23613474.6658579,10642.0,583.98184,13154310.6020594,0.0
2022-06-14 01:20:00,43.5,43.5,43.2,43.2,3848.498,2022-06-14 01:24:59.999,166950.4447,431.0,2353.533,102124.8895,0.0,1216.09,1216.82,1203.0,1205.02,6460.7313,7812902.961148,6442.0,2889.7591,3494993.132549,0.0,22546.82,22549.65,22335.27,22350.03,852.87486,19134431.0875086,8566.0,354.11503,7942651.2710847,0.0
2022-06-14 01:25:00,43.1,43.2,43.0,43.2,1951.035,2022-06-14 01:29:59.999,84107.8206,252.0,833.119,35925.3191,0.0,1205.02,1205.52,1194.31,1198.27,9856.3844,11814109.921866,8690.0,4030.1492,4830208.46266,0.0,22350.03,22351.55,22251.55,22313.49,666.62231,14863328.2593785,8363.0,391.63238,8732415.3558508,0.0
2022-06-14 01:30:00,43.1,43.3,43.0,43.3,1936.12,2022-06-14 01:34:59.999,83597.1038,245.0,1172.562,50621.6033,0.0,1198.26,1207.91,1195.14,1206.78,6021.1064,7238546.434524,6058.0,3024.1714,3635420.820039,0.0,22313.5,22467.35,22264.0,22438.43,584.29194,13074383.7816153,6930.0,350.19319,7833370.8244895,0.0
2022-06-14 01:35:00,43.3,43.5,43.1,43.1,3572.607,2022-06-14 01:39:59.999,154672.2841,375.0,1449.695,62782.0786,0.0,1206.77,1210.85,1195.81,1196.09,8163.8727,9836002.786948,6890.0,3710.6579,4471083.17715,0.0,22438.43,22470.03,22258.49,22258.57,453.36254,10143946.5586902,6458.0,222.65191,4981979.3045694,0.0
2022-06-14 01:40:00,43.1,43.6,43.0,43.5,5418.129,2022-06-14 01:44:59.999,235143.5599,476.0,3230.704,140217.5268,0.0,1196.09,1224.93,1194.84,1203.27,10003.9903,12021689.086407,7805.0,6263.3096,7528112.936932,0.0,22258.56,22549.99,22231.08,22367.19,1044.08493,23317408.050908,8953.0,598.7784,13377077.7746153,0.0
2022-06-14 01:45:00,43.5,43.6,43.2,43.2,1743.193,2022-06-14 01:49:59.999,75555.8514,210.0,753.644,32674.6072,0.0,1203.26,1203.27,1193.98,1194.31,4176.9121,5006708.578778,4551.0,1966.8092,2357493.759307,0.0,22367.2,22367.2,22200.0,22209.99,556.12977,12385678.6308129,6228.0,197.73039,4403518.8580436,0.0
2022-06-14 01:50:00,43.2,43.3,42.8,43.0,2355.964,2022-06-14 01:54:59.999,101373.9539,252.0,1426.531,61341.9235,0.0,1194.31,1197.12,1182.29,1182.57,8588.792,10212945.158468,7529.0,4615.1213,5485637.086283,0.0,22209.98,22239.51,22055.89,22065.39,728.02124,16129686.9541706,8995.0,369.85955,8194367.6421152,0.0
2022-06-14 01:55:00,42.9,43.1,42.6,42.6,3651.549,2022-06-14 01:59:59.999,156625.487,409.0,1330.133,57120.9568,0.0,1182.56,1185.78,1171.68,1172.53,14646.1703,17263580.545811,11957.0,6585.0525,7759504.405984,0.0,22065.39,22099.19,21756.73,21759.51,1801.089073,39486666.87528995,19470.0,766.859215,16812758.8303086,0.0
2022-06-14 02:00:00,42.7,42.8,42.5,42.7,3980.897,2022-06-14 02:04:59.999,169839.8587,482.0,2258.677,96364.9707,0.0,1172.53,1180.24,1169.22,1174.0,14438.145,16958787.278453,11963.0,6898.8777,8104253.047445,0.0,21759.51,21887.84,21650.0,21701.28,2050.613857,44629305.80933966,19961.0,857.921433,18672165.7593684,0.0
2022-06-14 02:05:00,42.6,42.7,42.1,42.3,4087.738,2022-06-14 02:09:59.999,173201.7393,560.0,1987.555,84190.8191,0.0,1174.0,1178.0,1156.0,1163.13,25410.0271,29618451.9376002,17411.0,8984.4991,10488256.813896,0.0,21701.28,21712.26,21500.0,21556.32,1891.788155,40855123.37385554,19362.0,852.24332,18409791.604711,0.0
2022-06-14 02:10:00,42.3,42.8,42.1,42.5,5901.953,2022-06-14 02:14:59.999,251238.2849,848.0,3639.257,154963.7519,0.0,1163.13,1187.97,1160.39,1178.0,16635.8823,19566832.680602,15054.0,8706.3592,10239222.991098,0.0,21556.33,21809.95,21500.0,21627.43,1484.62448,32208865.8225464,16914.0,735.88268,15967851.8187873,0.0
2022-06-14 02:15:00,42.4,42.5,42.1,42.1,3157.932,2022-06-14 02:19:59.999,133655.5729,334.0,1263.433,53518.8041,0.0,1178.0,1181.31,1168.0,1168.41,13002.0141,15273693.968255,11200.0,5686.1095,6680239.575823,0.0,21627.43,21674.69,21510.01,21513.26,1038.44343,22425708.002824,12308.0,479.79914,10361996.5020603,0.0
2022-06-14 02:20:00,42.1,42.4,41.9,42.0,5749.751,2022-06-14 02:24:59.999,242408.0391,654.0,1963.996,82848.1018,0.0,1168.41,1174.29,1157.0,1160.91,14741.6537,17186458.059373,13765.0,6394.836,7455779.245462,0.0,21513.26,21604.48,21391.64,21439.76,1906.616358,40979597.41742545,20405.0,823.455087,17697980.6335834,0.0
2022-06-14 02:25:00,41.9,42.0,41.6,41.7,4679.198,2022-06-14 02:29:59.999,195349.9858,678.0,2334.262,97514.5902,0.0,1160.91,1162.42,1150.0,1152.09,20127.7863,23223676.335429,17519.0,8307.7065,9586770.798372,0.0,21439.76,21443.85,21150.75,21171.2,2404.937761,51136673.46081726,26696.0,965.499,20532345.4148065,0.0
2022-06-14 02:30:00,41.6,41.9,41.5,41.6,8057.131,2022-06-14 02:34:59.999,335997.0472,741.0,3315.889,138306.8607,0.0,1152.11,1161.14,1150.0,1150.58,15369.3487,17743207.513136,12276.0,7090.1163,8186644.157096,0.0,21171.2,21387.32,21112.0,21208.93,1695.656473,36065949.42492775,18211.0,834.62055,17752109.6334238,0.0
2022-06-14 02:35:00,41.6,41.7,41.3,41.3,7021.626,2022-06-14 02:39:59.999,291161.7547,731.0,3167.901,131401.2456,0.0,1150.59,1155.0,1127.38,1131.01,41985.49422,47925956.5957106,27891.0,14994.87207,17111478.2506591,0.0,21208.93,21276.42,21074.32,21081.34,1894.42457,40042948.6142189,22649.0,851.0447,17990122.5962674,0.0
2022-06-14 02:40:00,41.3,41.4,41.0,41.0,7154.488,2022-06-14 02:44:59.999,294566.9547,864.0,2990.606,123233.8784,0.0,1131.07,1134.6,1115.19,1118.19,37306.32656,41886800.1749561,22266.0,16907.11174,18983720.3425314,0.0,21081.34,21150.0,21000.99,21013.08,2283.788218,48072223.38779185,24139.0,1123.15895,23644390.3421031,0.0
2022-06-14 02:45:00,41.0,41.5,40.9,41.1,8469.439,2022-06-14 02:49:59.999,349252.8459,821.0,5253.502,216724.4717,0.0,1118.2,1138.36,1117.94,1126.74,18645.9933,21043175.415819,14229.0,8724.1656,9843497.331305,0.0,21012.01,21346.15,21012.01,21215.93,1494.57866,31714328.1968046,15826.0,824.07267,17485728.4577156,0.0
2022-06-14 02:50:00,41.1,41.2,40.7,40.8,4818.889,2022-06-14 02:54:59.999,197080.0534,664.0,2251.981,92057.6307,0.0,1126.75,1127.23,1111.77,1112.22,18080.23712,20186406.5150104,12810.0,9018.6852,10065714.961889,0.0,21215.94,21222.57,21005.0,21005.02,1397.51581,29459791.8977212,14436.0,666.48543,14048228.8945824,0.0
2022-06-14 02:55:00,40.7,41.0,40.5,40.6,5926.382,2022-06-14 02:59:59.999,241412.0149,639.0,2855.963,116408.5105,0.0,1112.22,1117.39,1102.0,1102.52,36073.5624,40008179.7106956,21948.0,14211.1487,15762999.752768,0.0,21005.03,21113.91,20855.0,20855.0,3052.656925,63994657.78653979,39092.0,1294.592689,27135440.9455205,0.0
2022-06-14 03:00:00,40.6,40.9,40.3,40.4,6335.845,2022-06-14 03:04:59.999,256998.8582,732.0,2615.488,106203.7878,0.0,1102.51,1114.99,1101.03,1102.26,16352.9291,18090812.579215,13694.0,8645.537,9564310.961636,0.0,20855.0,21138.45,20846.0,20925.62,1794.86067,37626376.6282375,20978.0,919.64528,19283807.5262186,0.0
2022-06-14 03:05:00,40.5,41.3,40.4,41.2,8842.012,2022-06-14 03:09:59.999,362129.1466,986.0,5184.892,212318.3266,0.0,1102.25,1131.12,1100.0,1121.39,46059.6414,51323124.93052,24109.0,22829.7025,25467320.188096,0.0,20925.61,21500.0,20866.99,21380.16,2327.68933,49452772.0318385,26691.0,1182.98657,25129787.3486369,0.0
2022-06-14 03:10:00,41.2,41.3,40.9,41.0,3896.872,2022-06-14 03:14:59.999,160266.298,478.0,1851.275,76182.3028,0.0,1121.39,1127.37,1112.84,1118.71,17621.1479,19737347.44812,12284.0,8829.2811,9889943.259737,0.0,21380.15,21451.83,21214.41,21311.74,1284.36856,27393369.8798002,18210.0,608.28013,12972973.099442,0.0
2022-06-14 03:15:00,41.1,41.7,41.0,41.5,5707.359,2022-06-14 03:19:59.999,236965.7757,628.0,3623.147,150476.6999,0.0,1118.5,1133.5,1118.0,1123.89,15503.31,17486977.029105,11445.0,8307.8142,9369771.506325,0.0,21311.74,21642.15,21300.0,21436.85,1351.36076,29055910.6052871,19180.0,739.10073,15892258.2783743,0.0
2022-06-14 03:20:00,41.5,41.5,40.9,41.0,2558.235,2022-06-14 03:24:59.999,105680.3085,321.0,782.821,32350.5197,0.0,1123.94,1125.33,1102.79,1104.32,14323.6928,15963874.458914,12059.0,6464.9877,7209730.376946,0.0,21436.84,21436.85,21129.38,21164.3,1103.72251,23526828.0708143,14411.0,466.85347,9952752.2086397,0.0
2022-06-14 03:25:00,41.0,41.1,40.5,40.9,5310.298,2022-06-14 03:29:59.999,216512.9205,700.0,2871.826,117199.9153,0.0,1104.4,1107.89,1080.21,1093.29,48966.65776,53494121.974044,29892.0,20525.2617,22387720.820826,0.0,21164.3,21214.25,20940.49,21109.78,1511.17933,31838593.7919776,20021.0,745.03243,15697065.8387581,0.0
2022-06-14 03:30:00,40.9,41.2,40.8,41.1,5065.688,2022-06-14 03:34:59.999,207868.8368,531.0,3307.16,135750.0695,0.0,1093.28,1104.67,1091.07,1094.05,29745.3872,32656397.937883,18118.0,14361.6155,15771161.853097,0.0,21109.77,21288.54,21059.44,21253.24,1638.65661,34743593.6648083,19206.0,762.58441,16164606.8149367,0.0
2022-06-14 03:35:00,41.1,41.6,40.6,41.5,5650.273,2022-06-14 03:39:59.999,232012.2806,692.0,2567.769,105528.7357,0.0,1094.05,1100.65,1075.8,1097.02,31225.61285,33936878.498683,21282.0,15430.2923,16778109.899159,0.0,21253.24,21336.41,21074.26,21274.96,1110.59526,23554680.2231474,15814.0,531.3767,11269294.6708292,0.0
2022-06-14 03:40:00,41.4,41.9,41.0,41.9,4751.158,2022-06-14 03:44:59.999,197317.5296,612.0,2935.006,121875.3878,0.0,1097.02,1113.99,1087.32,1113.46,21666.6995,23864362.279027,16963.0,12694.1081,13981933.83819,0.0,21274.97,21493.65,21150.72,21493.65,1130.72255,24122174.3182638,16224.0,605.16685,12913568.1777859,0.0
2022-06-14 03:45:00,41.9,42.2,41.7,42.1,4145.631,2022-06-14 03:49:59.999,173632.9721,472.0,1904.059,79787.0182,0.0,1113.05,1118.74,1104.02,1115.51,28578.9321,31817915.015823,16232.0,15907.9601,17711967.767992,0.0,21491.4,21599.99,21392.55,21568.02,2317.09812,49799984.3955228,22641.0,1011.34301,21732676.1517671,0.0
2022-06-14 03:50:00,42.2,42.8,42.1,42.6,7582.365,2022-06-14 03:54:59.999,322197.9334,783.0,3306.091,140434.262,0.0,1115.5,1130.0,1112.59,1117.33,26320.9381,29549072.421166,15641.0,15320.751,17208702.525847,0.0,21562.38,21790.0,21490.81,21563.18,2317.17269,50120083.1428221,25652.0,996.75134,21564687.0832028,0.0
2022-06-14 03:55:00,42.5,43.5,42.4,43.3,9782.252,2022-06-14 03:59:59.999,420995.6076,1167.0,5178.233,222950.7126,0.0,1117.33,1120.35,1109.55,1119.59,11491.0548,12791973.196128,9282.0,6074.752,6762246.094953,0.0,21563.19,21611.6,21435.47,21548.74,818.18658,17593777.5916932,11875.0,401.07276,8623612.5759805,0.0
2022-06-14 04:00:00,43.4,43.4,43.0,43.1,8526.338,2022-06-14 04:04:59.999,368135.9777,897.0,3768.211,162747.9641,0.0,1119.1,1123.6,1105.01,1108.69,13482.0626,15014853.942313,11188.0,6162.2796,6864987.362255,0.0,21548.74,21589.15,21327.36,21396.28,930.4491,19954388.7899699,12143.0,421.71477,9045289.7914533,0.0
2022-06-14 04:05:00,43.0,44.4,43.0,43.9,25584.145,2022-06-14 04:09:59.999,1119826.5301,2364.0,14204.951,621437.9173,0.0,1108.76,1127.25,1108.75,1123.3,13278.06,14874585.53776,10321.0,7716.5663,8645342.521801,0.0,21396.29,21669.97,21394.52,21625.23,763.78237,16466410.8862179,10122.0,413.56151,8913230.2927768,0.0
2022-06-14 04:10:00,43.9,44.0,43.6,43.7,4128.669,2022-06-14 04:14:59.999,180921.2582,467.0,2078.507,91082.6209,0.0,1123.31,1127.57,1118.85,1123.38,11701.0844,13140141.607856,9014.0,7363.6963,8270210.759612,0.0,21625.23,21726.09,21569.7,21687.2,610.27035,13217233.2829508,9899.0,310.00414,6713946.4989833,0.0
2022-06-14 04:15:00,43.7,44.2,43.6,44.0,7222.246,2022-06-14 04:19:59.999,317499.5649,672.0,4009.539,176301.6857,0.0,1123.39,1142.05,1121.8,1139.11,21869.268,24792285.61977,16050.0,12804.664,14515927.745653,0.0,21687.2,21978.0,21665.14,21912.46,1631.01847,35671199.0200862,20407.0,826.27539,18068021.7177581,0.0
2022-06-14 04:20:00,43.9,44.0,43.7,43.8,3848.719,2022-06-14 04:24:59.999,168729.9787,349.0,2423.699,106277.0058,0.0,1139.1,1146.96,1133.53,1142.86,12121.4783,13812248.841332,9570.0,7073.72,8062365.727289,0.0,21912.47,21920.46,21766.45,21810.48,934.5387,20402726.0666724,14509.0,464.87825,10148942.0912243,0.0
2022-06-14 04:25:00,43.9,44.3,43.9,44.2,6167.725,2022-06-14 04:29:59.999,271844.2322,572.0,3007.317,132584.8752,0.0,1142.86,1158.94,1141.61,1156.27,17967.7149,20667848.827087,15048.0,9639.2753,11084289.496205,0.0,21810.49,21950.0,21781.91,21914.28,1042.13392,22783476.9725387,13891.0,500.03392,10930272.131623,0.0
2022-06-14 04:30:00,44.1,44.6,44.0,44.6,8034.153,2022-06-14 04:34:59.999,356200.6283,734.0,4655.82,206479.3839,0.0,1156.27,1178.0,1150.42,1173.81,22561.0331,26305608.82994,18324.0,11780.4241,13737279.236306,0.0,21914.28,22300.0,21836.12,22223.44,1855.51865,40975182.3912033,22744.0,927.91492,20491378.5497291,0.0
2022-06-14 04:35:00,44.7,44.7,44.1,44.2,5371.876,2022-06-14 04:39:59.999,238640.3481,495.0,2852.78,126691.7793,0.0,1173.81,1173.99,1156.62,1158.59,13407.567,15604144.347414,11151.0,7111.0113,8277556.604921,0.0,22223.45,22223.45,21918.9,21938.4,825.5204,18221252.3135223,12644.0,337.57501,7449933.9379037,0.0
2022-06-14 04:40:00,44.2,44.6,44.1,44.4,3304.537,2022-06-14 04:44:59.999,146516.3939,356.0,1760.778,78048.6327,0.0,1158.35,1168.94,1153.26,1163.67,9327.2122,10833095.09246,8554.0,4904.1594,5699202.142386,0.0,21938.4,22076.02,21852.26,21946.63,688.47407,15115618.2844458,11837.0,369.77555,8116328.3023945,0.0
2022-06-14 04:45:00,44.4,44.5,44.0,44.2,3707.876,2022-06-14 04:49:59.999,163887.9551,388.0,1936.461,85605.012,0.0,1163.67,1167.29,1153.27,1165.81,9712.2676,11266904.95858,9128.0,4750.9628,5509264.295971,0.0,21946.62,22056.0,21867.16,22038.09,701.40945,15390144.4162714,10187.0,369.85498,8115694.1322293,0.0
2022-06-14 04:50:00,44.2,44.3,44.1,44.2,2849.582,2022-06-14 04:54:59.999,125999.6917,298.0,1343.897,59437.5616,0.0,1165.82,1172.0,1158.83,1167.65,8791.4225,10251595.96043,7572.0,4674.2185,5451847.952047,0.0,22038.1,22114.03,21943.53,22083.41,503.04911,11081849.8849687,8235.0,250.33862,5514664.6440164,0.0
2022-06-14 04:55:00,44.2,44.7,44.2,44.5,7887.334,2022-06-14 04:59:59.999,351071.9698,541.0,4017.263,178950.1595,0.0,1167.64,1176.42,1166.57,1174.1,9391.1929,11002169.206729,7742.0,4759.8336,5578099.725023,0.0,22083.41,22200.0,22043.36,22127.91,708.26602,15671701.7540572,10570.0,331.49755,7334495.739756,0.0
2022-06-14 05:00:00,44.5,45.2,44.4,44.9,9164.448,2022-06-14 05:04:59.999,410368.0218,785.0,4902.527,219537.6963,0.0,1174.09,1196.93,1168.2,1190.66,21270.2939,25129718.805126,15490.0,12181.2948,14385876.85594,0.0,22127.92,22466.88,22070.81,22388.98,1914.68359,42632113.0472318,18839.0,1122.66171,24989093.0111913,0.0
2022-06-14 05:05:00,44.9,45.0,44.5,44.6,4162.179,2022-06-14 05:09:59.999,186281.2192,367.0,2196.184,98367.5742,0.0,1190.66,1192.85,1178.7,1180.69,13749.8357,16310785.06535,10819.0,6851.7591,8128377.960752,0.0,22388.97,22414.2,22222.0,22235.93,830.40747,18547851.5804906,12923.0,387.24595,8650030.3313127,0.0
2022-06-14 05:10:00,44.5,44.6,44.1,44.1,2918.404,2022-06-14 05:14:59.999,129421.7158,353.0,1216.011,53948.6767,0.0,1180.69,1181.01,1167.13,1168.96,13323.5065,15633301.923438,9135.0,5308.9814,6230048.4988,0.0,22235.93,22251.49,22077.21,22100.74,745.95752,16539012.3411268,10072.0,378.01816,8381408.5985619,0.0
2022-06-14 05:15:00,44.1,44.2,43.6,43.6,6530.312,2022-06-14 05:19:59.999,286192.5995,685.0,3318.977,145461.1411,0.0,1168.96,1171.65,1151.32,1151.55,15475.8834,17973304.895218,13006.0,6805.8076,7902082.123003,0.0,22100.74,22148.84,21848.0,21855.56,1197.25781,26302400.9031739,13775.0,569.73975,12517684.4311981,0.0
2022-06-14 05:20:00,43.6,43.8,43.5,43.7,4313.99,2022-06-14 05:24:59.999,188249.1902,437.0,1620.952,70766.7573,0.0,1151.56,1158.26,1147.35,1156.38,10978.8981,12650184.968562,10287.0,5524.1591,6364309.015654,0.0,21855.56,21969.13,21777.02,21916.6,924.42604,20205880.6328086,11422.0,496.68181,10856144.0529009,0.0
2022-06-14 05:25:00,43.6,43.9,43.5,43.6,3260.361,2022-06-14 05:29:59.999,142481.7143,311.0,1701.183,74406.1375,0.0,1156.38,1159.98,1148.05,1152.62,6769.3304,7811178.968044,6416.0,3223.0401,3719198.977988,0.0,21916.61,22000.8,21850.68,21914.87,476.4197,10448161.3734513,7275.0,249.58305,5473783.1927572,0.0
2022-06-14 05:30:00,43.5,43.8,43.3,43.7,4543.425,2022-06-14 05:34:59.999,197552.1014,528.0,1565.962,68151.9064,0.0,1152.63,1164.29,1145.77,1160.73,8867.8727,10219080.957064,8366.0,4259.1412,4907909.124473,0.0,21914.87,22073.85,21816.79,22025.74,698.1457,15308625.7933828,9368.0,341.12305,7482054.9500534,0.0
2022-06-14 05:35:00,43.7,43.8,43.5,43.7,6295.797,2022-06-14 05:39:59.999,274784.5393,464.0,2810.959,122700.5693,0.0,1160.73,1165.83,1154.44,1159.55,7202.5746,8357070.437012,6113.0,4214.8231,4889878.046144,0.0,22025.73,22100.0,21945.38,21992.11,735.832,16203511.7899505,9352.0,353.22972,7776514.4904253,0.0
2022-06-14 05:40:00,43.6,43.8,43.4,43.5,3927.448,2022-06-14 05:44:59.999,171216.6935,295.0,1761.577,76782.216,0.0,1159.55,1167.58,1157.51,1157.58,10023.6841,11653744.416221,7413.0,5740.7373,6672806.887128,0.0,21992.11,22108.0,21944.05,21944.09,622.49412,13707371.8719182,9374.0,319.23895,7028820.9699568,0.0
2022-06-14 05:45:00,43.5,43.8,43.3,43.4,4247.364,2022-06-14 05:49:59.999,184986.2848,353.0,1619.112,70486.1087,0.0,1157.58,1166.91,1150.46,1153.76,14918.1866,17304979.766404,10218.0,7861.3428,9123582.976159,0.0,21944.08,22094.55,21935.37,21975.99,517.95007,11404303.1362148,7895.0,260.93622,5744321.771573,0.0
2022-06-14 05:50:00,43.4,43.4,43.0,43.1,7704.803,2022-06-14 05:54:59.999,332461.3157,621.0,3063.515,132198.8039,0.0,1153.77,1153.77,1136.0,1140.56,18004.5421,20589271.851965,14376.0,7898.3957,9028620.234272,0.0,21975.99,21975.99,21763.71,21810.57,905.72784,19784217.8642565,10887.0,424.55889,9272872.208529,0.0
2022-06-14 05:55:00,43.1,43.4,43.0,43.3,5526.921,2022-06-14 05:59:59.999,238716.499,538.0,2852.801,123287.8827,0.0,1140.56,1159.72,1138.2,1156.88,12429.7607,14274483.321214,9900.0,7175.927,8240935.575604,0.0,21810.57,21995.9,21781.2,21977.83,681.53058,14902556.8616846,8810.0,351.58874,7689957.2900021,0.0
2022-06-14 06:00:00,43.3,43.8,43.1,43.8,6397.678,2022-06-14 06:04:59.999,277768.1241,617.0,2762.893,120028.7188,0.0,1156.88,1169.43,1150.61,1168.85,15459.3422,17920468.127674,11141.0,8118.9791,9414679.586433,0.0,21977.83,22200.0,21918.66,22180.74,883.02084,19455216.316744,10677.0,450.91218,9936791.3520485,0.0
2022-06-14 06:05:00,43.7,43.9,43.6,43.8,5497.241,2022-06-14 06:09:59.999,240346.5667,605.0,2596.521,113561.2332,0.0,1168.85,1181.19,1165.74,1179.52,14868.3615,17445868.498159,11321.0,7975.3691,9358098.547192,0.0,22180.74,22287.99,22125.43,22245.36,984.13972,21859302.0618414,11724.0,528.4428,11736048.2166476,0.0
2022-06-14 06:10:00,43.8,44.1,43.8,44.0,5294.303,2022-06-14 06:14:59.999,232677.2729,666.0,2547.589,111985.1898,0.0,1179.65,1185.84,1175.75,1178.38,12087.7987,14269448.830781,10517.0,6328.356,7469710.845277,0.0,22245.37,22438.1,22197.0,22328.57,1188.96834,26563453.4855677,13585.0,597.12588,13339935.5995173,0.0
2022-06-14 06:15:00,43.9,45.0,43.8,44.6,8533.116,2022-06-14 06:19:59.999,379331.0757,1049.0,4505.445,200335.4145,0.0,1178.37,1229.3,1177.87,1211.03,43687.1721,52515852.864684,26654.0,23922.2209,28796063.285363,0.0,22328.56,22785.77,22327.0,22687.39,2598.9359,58738953.8409899,26693.0,1418.81652,32065969.1834722,0.0
2022-06-14 06:20:00,44.5,45.7,44.5,45.1,16691.704,2022-06-14 06:24:59.999,754717.3799,1641.0,8685.819,392883.053,0.0,1211.04,1250.2,1208.63,1222.18,26740.0338,32860411.111307,24441.0,13094.5839,16096943.965548,0.0,22687.39,23362.88,22656.0,22982.32,2778.27087,63871648.934568,36199.0,1384.65745,31855194.4645197,0.0
2022-06-14 06:25:00,45.0,45.4,44.8,44.9,10362.489,2022-06-14 06:29:59.999,467088.0517,996.0,4770.294,215185.9413,0.0,1222.17,1245.27,1216.21,1218.89,22854.0572,28053173.690877,16740.0,10778.5545,13241462.033613,0.0,22982.32,23187.55,22855.11,22870.62,1489.04916,34238840.6243795,19592.0,785.71152,18070656.6476381,0.0
2022-06-14 06:30:00,45.0,45.2,44.6,44.7,6102.339,2022-06-14 06:34:59.999,273973.3779,719.0,2996.587,134524.6788,0.0,1218.89,1232.0,1209.3,1213.14,21522.0978,26209694.185214,14848.0,12234.5928,14895899.085332,0.0,22870.61,23046.09,22700.0,22741.99,1866.73664,42644289.9388546,18223.0,951.93066,21748072.4899269,0.0
2022-06-14 06:35:00,44.7,45.3,44.7,45.1,7338.127,2022-06-14 06:39:59.999,330286.2706,737.0,4625.995,208194.5613,0.0,1213.14,1228.43,1207.02,1223.6,12919.2858,15758373.141684,11836.0,6905.6095,8423071.838372,0.0,22741.98,23014.08,22686.63,22923.31,819.13399,18741980.6095647,12604.0,463.42823,10604215.2136982,0.0
2022-06-14 06:40:00,45.1,45.4,45.0,45.2,4072.278,2022-06-14 06:44:59.999,184058.3738,462.0,1734.146,78397.8503,0.0,1223.61,1234.04,1222.72,1226.82,9411.0877,11563073.198324,8331.0,4976.5337,6112907.855673,0.0,22923.32,23047.35,22909.38,22917.68,762.17761,17507505.9050513,10381.0,399.49187,9175124.2361343,0.0
2022-06-14 06:45:00,45.2,45.7,45.0,45.4,4824.551,2022-06-14 06:49:59.999,219009.8999,477.0,2346.537,106461.8817,0.0,1226.82,1238.51,1220.0,1231.49,10785.1258,13262207.168156,10691.0,5292.0538,6508179.681945,0.0,22917.67,22984.88,22753.86,22895.41,888.49872,20320886.0573154,11959.0,455.03982,10407719.9121811,0.0
2022-06-14 06:50:00,45.4,45.5,45.1,45.3,2638.873,2022-06-14 06:54:59.999,119652.44,407.0,922.668,41852.9786,0.0,1231.45,1238.18,1223.35,1226.53,7607.5678,9356838.891094,7790.0,3696.9861,4547607.166529,0.0,22895.41,22947.57,22750.02,22785.03,653.60674,14926893.6969611,8736.0,338.98602,7739647.2316494,0.0
2022-06-14 06:55:00,45.3,45.3,45.1,45.2,3153.329,2022-06-14 06:59:59.999,142585.94084,335.0,1772.556,80156.97931,0.0,1226.53,1229.92,1221.62,1227.13,9000.2755,11026240.938077,6664.0,4726.5922,5791150.336138,0.0,22785.03,22829.57,22707.49,22747.24,709.09793,16140604.6848132,10074.0,374.55137,8525751.4902525,0.0
2022-06-14 07:00:00,45.2,45.45,45.0,45.38,6736.972,2022-06-14 07:04:59.999,305007.18326,561.0,2367.28,107297.05293,0.0,1227.13,1231.88,1218.58,1226.18,12950.2658,15884819.547622,10021.0,7983.9515,9792662.632453,0.0,22747.25,22909.5,22654.34,22803.67,784.41946,17874361.122563,11198.0,420.23184,9574625.0366123,0.0
2022-06-14 07:05:00,45.31,45.44,45.0,45.01,7418.167,2022-06-14 07:09:59.999,335050.30387,662.0,3114.538,140737.25132,0.0,1226.19,1229.91,1217.43,1217.6,7045.3517,8621318.785112,7572.0,3405.4429,4168991.44981,0.0,22803.67,22849.67,22636.03,22639.94,518.51814,11790245.2763788,8425.0,235.42214,5353209.996398,0.0
2022-06-14 07:10:00,45.05,45.18,44.8,44.91,5002.82,2022-06-14 07:14:59.999,224841.80329,602.0,2352.661,105772.25066,0.0,1217.59,1222.88,1212.26,1219.13,10857.7377,13209319.339214,8317.0,4311.2262,5245445.183581,0.0,22639.93,22700.0,22482.46,22556.26,1203.82498,27152578.1716804,13602.0,476.9928,10759001.9956429,0.0
2022-06-14 07:15:00,44.91,44.95,44.7,44.95,4684.374,2022-06-14 07:19:59.999,210049.77599,517.0,2701.404,121155.22846,0.0,1219.13,1219.13,1206.15,1213.05,10259.7061,12435303.494157,8788.0,5014.8682,6078082.510769,0.0,22556.27,22560.39,22323.78,22387.87,905.63772,20297934.9210232,12992.0,481.97891,10802427.6603306,0.0
2022-06-14 07:20:00,44.91,45.23,44.87,45.09,5307.556,2022-06-14 07:24:59.999,239421.33449,541.0,2762.564,124674.3156,0.0,1213.05,1228.83,1211.06,1219.87,13846.6493,16910959.283995,11129.0,7465.1804,9116986.146622,0.0,22387.87,22638.97,22364.35,22478.0,1061.30018,23888907.3917594,12703.0,646.01323,14536771.6239432,0.0
2022-06-14 07:25:00,45.05,45.4,45.02,45.22,4215.526,2022-06-14 07:29:59.999,190630.52672,438.0,2233.667,101023.38177,0.0,1219.63,1230.08,1219.32,1225.56,15640.4914,19173757.461985,7380.0,9041.3762,11082528.749153,0.0,22477.99,22569.99,22447.2,22510.03,633.53448,14256462.9396277,7722.0,319.92033,7200550.9362595,0.0
2022-06-14 07:30:00,45.27,45.6,45.15,45.59,5102.117,2022-06-14 07:34:59.999,231346.11975,490.0,2423.838,109974.44371,0.0,1225.57,1235.18,1220.56,1233.47,10613.6677,13042597.618043,8751.0,6178.9794,7592361.628757,0.0,22510.04,22637.25,22420.0,22594.66,849.31227,19119170.0491301,9010.0,371.97582,8380757.6334868,0.0
2022-06-14 07:35:00,45.54,45.66,45.3,45.33,5477.156,2022-06-14 07:39:59.999,249238.56102,558.0,3007.93,136898.77904,0.0,1233.47,1237.16,1226.57,1227.08,11712.2182,14417747.491492,8592.0,6169.6626,7595524.580202,0.0,22594.66,22652.79,22486.15,22489.23,567.508,12808326.8312559,8183.0,293.50466,6625546.1071527,0.0
2022-06-14 07:40:00,45.35,45.54,45.12,45.2,14604.832,2022-06-14 07:44:59.999,662313.41827,1370.0,7823.12,354814.55823,0.0,1227.07,1235.72,1215.31,1218.3,12248.6008,15024356.571041,9728.0,6142.5547,7537414.976327,0.0,22489.22,22582.66,22370.0,22390.59,562.98541,12651046.0469912,8063.0,293.05273,6585893.9397813,0.0
2022-06-14 07:45:00,45.2,45.39,45.01,45.36,4861.363,2022-06-14 07:49:59.999,219593.9227,578.0,2127.846,96159.37774,0.0,1218.35,1226.69,1209.97,1226.18,8920.7286,10852667.51225,8521.0,4733.5823,5760505.82946,0.0,22391.59,22608.57,22325.18,22599.11,616.39312,13831674.6700502,10098.0,305.08265,6846603.2766876,0.0
2022-06-14 07:50:00,45.36,45.52,45.24,45.33,6769.907,2022-06-14 07:54:59.999,307213.41142,762.0,3189.33,144777.35167,0.0,1226.18,1232.9,1224.53,1228.03,9588.0745,11784966.427481,7432.0,4368.43,5370001.896189,0.0,22599.11,22680.0,22572.11,22608.74,637.48336,14427468.7676678,8512.0,327.84898,7420938.9705024,0.0
2022-06-14 07:55:00,45.31,45.51,45.15,45.41,6684.032,2022-06-14 07:59:59.999,303005.81227,723.0,3337.369,151304.36763,0.0,1228.03,1238.22,1223.12,1234.18,10420.8932,12836150.494092,9181.0,5191.2803,6395353.075122,0.0,22608.75,22669.73,22503.09,22633.82,633.34644,14308800.5131182,7719.0,261.43405,5907697.9852615,0.0
2022-06-14 08:00:00,45.4,45.7,45.11,45.2,6536.76,2022-06-14 08:04:59.999,296582.17332,851.0,3214.05,145884.50368,0.0,1234.18,1248.84,1225.0,1228.26,17111.1121,21150102.574953,13291.0,8928.4378,11040203.445526,0.0,22633.81,22711.15,22482.95,22524.37,827.7744,18701986.2193674,10328.0,414.29931,9361311.9922378,0.0
2022-06-14 08:05:00,45.22,45.31,44.92,44.92,6640.065,2022-06-14 08:09:59.999,299781.86183,819.0,3352.849,151400.75073,0.0,1228.26,1234.4,1220.58,1224.24,10368.0663,12719692.358357,8861.0,4845.2261,5946122.063904,0.0,22524.36,22579.05,22360.68,22375.54,682.89976,15337988.7233054,9562.0,312.53866,7020217.6270451,0.0
2022-06-14 08:10:00,44.94,44.99,44.63,44.7,6038.078,2022-06-14 08:14:59.999,270526.50552,864.0,3141.424,140752.67554,0.0,1224.23,1225.7,1210.84,1216.09,12267.9834,14954308.335907,10250.0,5377.0818,6554591.054515,0.0,22375.53,22387.86,22202.46,22257.64,947.37276,21108298.5531068,11637.0,425.25327,9472601.4779782,0.0
2022-06-14 08:15:00,44.74,44.88,44.62,44.85,2889.229,2022-06-14 08:19:59.999,129312.76882,476.0,1251.184,56004.54796,0.0,1216.09,1223.68,1211.48,1222.02,6133.1097,7472560.346509,6754.0,3345.2178,4076508.192535,0.0,22257.65,22406.28,22171.0,22386.5,610.73993,13611196.1270432,9135.0,301.06463,6712167.8625375,0.0
2022-06-14 08:20:00,44.84,44.86,44.54,44.7,4717.005,2022-06-14 08:24:59.999,210959.6143,684.0,2268.184,101440.80252,0.0,1222.02,1224.57,1214.16,1221.75,9449.1102,11533140.226453,7640.0,4659.4803,5686389.547996,0.0,22386.5,22461.44,22320.0,22424.57,626.91753,14044237.6263026,8191.0,305.79787,6849920.798067,0.0
2022-06-14 08:25:00,44.73,44.86,44.63,44.79,5117.933,2022-06-14 08:29:59.999,229187.49321,619.0,2532.18,113411.00644,0.0,1221.74,1224.82,1218.45,1224.5,7399.9805,9046445.708276,6573.0,4189.51,5121384.318623,0.0,22423.9,22558.15,22390.72,22553.3,577.78901,12990354.0504607,7860.0,295.2471,6636609.7310883,0.0
2022-06-14 08:30:00,44.78,45.15,44.55,45.13,5220.017,2022-06-14 08:34:59.999,234191.98117,826.0,3029.784,135973.71661,0.0,1224.5,1232.33,1216.31,1229.65,9758.9377,11959747.243065,8755.0,5129.1977,6286759.614576,0.0,22553.31,22711.19,22402.76,22691.69,730.60439,16494336.6724209,11266.0,372.48824,8414938.0509626,0.0
2022-06-14 08:35:00,45.14,45.38,45.01,45.29,5346.408,2022-06-14 08:39:59.999,241461.15894,753.0,2486.508,112358.75432,0.0,1229.65,1238.91,1225.01,1236.68,15817.9652,19484194.790073,10922.0,7124.2892,8777633.756698,0.0,22691.68,22946.84,22657.92,22895.01,1137.83926,25905617.6970068,13680.0,548.80312,12499400.0487424,0.0
2022-06-14 08:40:00,45.27,45.47,45.2,45.3,6673.795,2022-06-14 08:44:59.999,302519.96696,809.0,3420.19,155081.84848,0.0,1236.68,1242.32,1233.45,1237.5,21722.9186,26914768.481526,12446.0,9746.5869,12074539.86118,0.0,22895.02,22946.84,22800.0,22846.5,964.40237,22068524.3549208,11801.0,429.64141,9831383.4967884,0.0
2022-06-14 08:45:00,45.27,45.6,45.18,45.44,5650.555,2022-06-14 08:49:59.999,256709.6276,722.0,2468.329,112162.20851,0.0,1237.5,1246.66,1232.43,1240.06,10809.6569,13414099.843539,9883.0,5363.6113,6656540.868264,0.0,22846.2,23041.27,22785.77,22910.21,978.14545,22456543.5687782,13830.0,553.19608,12703489.2284249,0.0
2022-06-14 08:50:00,45.44,45.74,45.4,45.57,7436.556,2022-06-14 08:54:59.999,338746.56449,759.0,4025.206,183369.84653,0.0,1240.07,1254.0,1238.24,1244.24,12715.0727,15852597.321593,10596.0,6878.2088,8577088.714929,0.0,22910.2,22989.99,22837.22,22851.53,568.90953,13039423.2426897,9924.0,248.53427,5697336.2925236,0.0
2022-06-14 08:55:00,45.57,45.63,45.4,45.53,4313.138,2022-06-14 08:59:59.999,196382.78001,503.0,2882.797,131286.81597,0.0,1244.23,1248.0,1236.38,1241.16,7418.0786,9214387.176579,6554.0,3487.8288,4333192.161243,0.0,22851.54,22957.88,22803.8,22877.52,392.40876,8976040.1585522,7419.0,199.96373,4574292.434793,0.0
2022-06-14 09:00:00,45.55,45.65,45.22,45.5,4877.633,2022-06-14 09:04:59.999,221788.56405,756.0,2338.557,106349.14639,0.0,1241.15,1244.48,1225.67,1232.55,15376.1204,18992971.096017,11958.0,6949.4391,8583491.84886,0.0,22877.52,22915.69,22713.56,22826.92,774.02389,17653422.5197127,9250.0,375.55759,8564036.8846325,0.0
2022-06-14 09:05:00,45.48,45.53,44.5,44.91,43586.591,2022-06-14 09:09:59.999,1954091.45767,3684.0,5998.54,269033.05353,0.0,1232.54,1233.22,1227.28,1229.38,4268.1361,5247250.979948,4700.0,2269.5274,2790179.998011,0.0,22826.92,22842.79,22709.08,22752.09,610.54928,13893260.2938083,7203.0,318.24496,7242413.2466095,0.0
2022-06-14 09:10:00,44.91,45.0,44.65,44.78,5508.905,2022-06-14 09:14:59.999,247012.55442,784.0,2302.73,103285.93691,0.0,1229.39,1232.95,1220.89,1223.52,8229.8775,10098088.280269,7388.0,3690.7932,4528858.305446,0.0,22752.08,22839.38,22667.28,22709.75,706.27398,16069354.4408251,9075.0,422.01518,9600791.4709555,0.0
2022-06-14 09:15:00,44.78,44.81,44.67,44.74,3273.921,2022-06-14 09:19:59.999,146470.54496,482.0,1533.835,68632.65782,0.0,1223.52,1227.25,1220.0,1226.08,5161.4597,6317225.180679,4623.0,2390.1299,2925758.312817,0.0,22709.75,22753.65,22678.25,22735.95,391.1182,8886455.7229412,5639.0,216.72466,4923693.9790025,0.0
2022-06-14 09:20:00,44.74,44.84,44.68,44.79,3601.698,2022-06-14 09:24:59.999,161268.93749,443.0,1994.002,89305.27138,0.0,1226.08,1230.58,1225.24,1229.99,3746.1481,4598531.541878,3661.0,2215.0246,2718803.59796,0.0,22735.95,22806.12,22735.94,22803.22,292.65697,6663215.0829398,4767.0,149.08293,3394384.126327,0.0
2022-06-14 09:25:00,44.8,44.88,44.3,44.48,12436.762,2022-06-14 09:29:59.999,554260.07815,1137.0,3087.839,137638.33128,0.0,1229.98,1231.83,1220.37,1227.46,4928.0531,6040711.859835,4652.0,2235.4875,2739855.25723,0.0,22803.21,22849.66,22685.81,22804.48,499.17482,11362641.6414408,5970.0,178.99824,4074994.7014096,0.0
2022-06-14 09:30:00,44.47,44.54,44.3,44.52,6087.867,2022-06-14 09:34:59.999,270423.43498,728.0,3097.514,137641.35923,0.0,1227.46,1230.81,1222.68,1230.75,5650.7994,6932338.233605,4361.0,3366.134,4130282.853645,0.0,22804.47,22844.87,22720.53,22844.86,331.71482,7557290.7124953,5044.0,184.06536,4194116.2763694,0.0
2022-06-14 09:35:00,44.53,44.84,44.41,44.67,9466.679,2022-06-14 09:39:59.999,422302.36005,1094.0,3444.466,153806.47117,0.0,1230.76,1236.34,1225.43,1229.14,7057.33,8690929.929728,6596.0,3393.0893,4178967.942072,0.0,22844.86,22979.96,22767.7,22819.99,884.32632,20234583.5513544,9485.0,440.5312,10079029.5316201,0.0
2022-06-14 09:40:00,44.68,44.75,44.55,44.63,5597.474,2022-06-14 09:44:59.999,250034.96539,659.0,2928.253,130829.72221,0.0,1229.14,1230.52,1222.52,1222.58,5571.8243,6835058.840798,4601.0,1995.413,2445842.075111,0.0,22819.99,22844.6,22703.65,22715.01,240.6904,5476397.6018379,5283.0,118.04021,2685732.9022665,0.0
2022-06-14 09:45:00,44.63,44.71,44.52,44.59,3415.191,2022-06-14 09:49:59.999,152416.44555,473.0,1740.234,77693.02217,0.0,1222.57,1225.54,1220.29,1222.33,5353.6671,6546216.6183,4708.0,2157.6227,2638304.575733,0.0,22715.0,22752.76,22668.02,22677.32,287.63279,6530205.564376,4955.0,147.98571,3359089.8128014,0.0
2022-06-14 09:50:00,44.6,44.68,44.27,44.35,6041.012,2022-06-14 09:54:59.999,268832.69834,695.0,2450.815,109051.20302,0.0,1222.33,1227.29,1214.17,1215.51,6361.1495,7762124.819015,6408.0,2839.5212,3464283.80802,0.0,22677.33,22742.72,22572.35,22577.92,452.5769,10245249.1836598,7147.0,210.8059,4770452.2028488,0.0
2022-06-14 09:55:00,44.33,44.5,44.3,44.37,4049.512,2022-06-14 09:59:59.999,179764.70781,521.0,2021.612,89770.36926,0.0,1215.51,1222.98,1215.51,1219.4,6885.9138,8403238.068437,5056.0,4023.0779,4909988.57927,0.0,22577.93,22670.45,22574.26,22609.91,304.98391,6899452.9847462,5054.0,176.12827,3983810.6926751,0.0
2022-06-14 10:00:00,44.39,44.45,44.32,44.4,3624.362,2022-06-14 10:04:59.999,160889.31164,404.0,2017.952,89586.0275,0.0,1219.4,1222.45,1217.76,1219.28,4778.3039,5831878.226225,4618.0,2145.8603,2618467.061238,0.0,22609.9,22659.29,22590.66,22593.79,217.33195,4916970.7804911,4338.0,115.62099,2615781.197183,0.0
2022-06-14 10:05:00,44.4,44.44,44.16,44.3,4203.698,2022-06-14 10:09:59.999,186139.85247,531.0,1965.221,87056.88526,0.0,1219.27,1222.34,1216.0,1222.08,5169.2495,6300976.111865,4928.0,2341.5495,2854301.656098,0.0,22593.78,22628.15,22550.17,22628.15,361.96693,8175646.5181368,5772.0,216.25674,4884242.1890908,0.0
2022-06-14 10:10:00,44.25,44.34,44.13,44.16,5926.747,2022-06-14 10:14:59.999,262183.18947,414.0,3173.344,140434.40815,0.0,1222.08,1224.98,1218.92,1220.91,3686.6178,4505507.927372,3705.0,1748.327,2136646.511643,0.0,22628.15,22651.56,22536.93,22592.76,291.87628,6597367.0464117,4675.0,143.40586,3241254.2952136,0.0
2022-06-14 10:15:00,44.2,44.3,44.04,44.16,4072.275,2022-06-14 10:19:59.999,179761.29629,421.0,1707.38,75389.14764,0.0,1220.91,1226.24,1215.27,1219.84,7084.3098,8639978.117214,5278.0,3402.3745,4149008.824136,0.0,22592.77,22638.44,22525.01,22583.44,406.38419,9172414.31288,5169.0,213.512,4818696.7114747,0.0
2022-06-14 10:20:00,44.16,44.43,44.13,44.3,3955.138,2022-06-14 10:24:59.999,175065.22733,412.0,1374.529,60835.25965,0.0,1219.85,1230.91,1218.68,1225.65,6280.4125,7688825.171899,5276.0,3446.2814,4219295.282433,0.0,22583.44,22700.0,22564.26,22643.57,322.99272,7308728.0998584,4890.0,161.17517,3647107.7443962,0.0
2022-06-14 10:25:00,44.25,44.35,43.95,44.1,4425.347,2022-06-14 10:29:59.999,195349.4246,485.0,2458.331,108496.10574,0.0,1225.65,1227.05,1211.86,1213.1,8966.0624,10933071.65708,7005.0,3441.7082,4194584.975987,0.0,22643.57,22649.83,22451.13,22460.54,452.06656,10188762.1848247,6783.0,200.18086,4510488.0419634,0.0
2022-06-14 10:30:00,44.13,44.28,43.87,44.17,3968.364,2022-06-14 10:34:59.999,174986.99249,454.0,1798.376,79309.09864,0.0,1213.17,1218.14,1205.1,1211.45,10713.805,12979456.004596,8431.0,4628.343,5608566.936703,0.0,22460.55,22526.59,22374.76,22441.41,472.47263,10605935.984743,7565.0,232.96222,5230869.8249938,0.0
2022-06-14 10:35:00,44.14,44.34,44.11,44.21,2479.966,2022-06-14 10:39:59.999,109726.57531,258.0,1340.202,59312.08128,0.0,1211.45,1217.06,1210.26,1212.3,4555.8486,5528529.725184,4468.0,2645.2712,3209698.176616,0.0,22441.4,22520.39,22418.94,22451.49,251.86506,5660660.6182064,4916.0,121.14049,2722336.2613918,0.0
2022-06-14 10:40:00,44.23,44.3,43.88,43.95,12771.1,2022-06-14 10:44:59.999,561934.3451,704.0,5171.788,227566.21898,0.0,1212.31,1216.24,1209.75,1211.8,5785.3788,7019690.01365,4765.0,2921.2499,3543892.469115,0.0,22451.48,22506.0,22389.01,22417.98,274.37777,6158038.5999807,4950.0,132.64003,2976956.124238,0.0
2022-06-14 10:45:00,43.91,44.3,43.8,44.24,5354.968,2022-06-14 10:49:59.999,235954.6895,580.0,3287.345,144943.74188,0.0,1211.8,1213.88,1200.0,1209.68,12037.9023,14517939.176866,9857.0,6567.5604,7922792.356685,0.0,22417.98,22449.99,22329.77,22401.08,643.27853,14393819.5237302,8256.0,344.57548,7710039.6016068,0.0
2022-06-14 10:50:00,44.23,44.37,44.05,44.1,1696.929,2022-06-14 10:54:59.999,75066.44027,296.0,602.456,26662.48533,0.0,1209.68,1214.99,1196.23,1199.76,9437.7683,11395132.564179,7972.0,4128.3591,4986787.742178,0.0,22401.09,22471.52,22340.0,22366.15,583.63002,13089382.4349971,7082.0,265.3695,5952586.9051374,0.0
2022-06-14 10:55:00,44.1,44.17,43.86,43.88,2422.695,2022-06-14 10:59:59.999,106636.86096,285.0,1354.782,59649.95887,0.0,1199.76,1199.78,1188.96,1190.94,11572.1257,13833344.537821,9054.0,4836.0463,5781419.634848,0.0,22366.14,22366.15,22289.36,22298.92,486.30068,10854251.4606132,7255.0,255.26163,5697311.0596005,0.0
2022-06-14 11:00:00,43.9,44.4,43.88,44.27,9494.781,2022-06-14 11:04:59.999,418819.80895,761.0,6469.396,285115.74225,0.0,1190.93,1195.37,1184.0,1184.42,12085.8987,14378494.192755,10366.0,5429.3689,6459779.917048,0.0,22298.92,22340.58,22262.22,22266.78,616.94866,13760816.8939298,7521.0,276.94995,6176865.7216881,0.0
2022-06-14 11:05:00,44.28,44.86,44.22,44.8,13389.027,2022-06-14 11:09:59.999,596745.97234,1861.0,8331.185,371291.37933,0.0,1184.42,1189.02,1179.65,1188.45,8931.2104,10578389.068381,8506.0,4052.2826,4800422.341676,0.0,22266.79,22352.67,22250.43,22352.53,397.39448,8862113.4815171,6640.0,188.62397,4206224.0725392,0.0
2022-06-14 11:10:00,44.8,45.0,44.46,44.53,9737.03,2022-06-14 11:14:59.999,435658.02244,1134.0,3752.088,167918.37423,0.0,1188.44,1190.28,1183.09,1184.42,4328.9578,5140486.210239,4725.0,1970.9834,2340380.77747,0.0,22352.52,22400.0,22331.12,22338.45,259.741,5808687.2328166,4712.0,117.38789,2625013.0471826,0.0
2022-06-14 11:15:00,44.5,44.9,44.4,44.83,6256.998,2022-06-14 11:19:59.999,279235.13178,805.0,2994.855,133688.93955,0.0,1184.42,1187.91,1176.54,1184.58,10179.8773,12030123.53227,9510.0,5194.211,6138638.995554,0.0,22338.45,22452.58,22263.24,22402.36,475.88224,10638303.1268783,6726.0,231.63455,5178345.2406326,0.0
2022-06-14 11:20:00,44.81,45.05,44.76,44.87,4144.859,2022-06-14 11:24:59.999,185997.93293,543.0,2066.333,92780.08367,0.0,1184.59,1195.81,1184.58,1191.99,10128.4628,12054043.30003,7003.0,4504.2096,5361496.550231,0.0,22402.37,22563.13,22402.36,22473.49,401.42213,9025153.9645011,6240.0,206.92346,4651322.9174946,0.0
2022-06-14 11:25:00,44.87,44.89,44.75,44.84,3357.108,2022-06-14 11:29:59.999,150420.64458,449.0,1839.535,82436.5359,0.0,1191.99,1193.86,1187.36,1191.41,3519.9353,4187420.169038,4215.0,1827.707,2174404.03355,0.0,22473.49,22517.08,22420.0,22503.22,258.02014,5794256.2319774,4816.0,119.84119,2691170.0070144,0.0
2022-06-14 11:30:00,44.84,45.2,44.78,45.12,3639.353,2022-06-14 11:34:59.999,163613.89782,615.0,1698.914,76414.01473,0.0,1191.41,1205.85,1190.0,1205.06,9968.45,11945810.871965,8704.0,5359.0436,6423657.853209,0.0,22503.22,22648.13,22487.28,22625.91,627.27021,14148811.1071498,7995.0,304.45061,6870809.3417042,0.0
2022-06-14 11:35:00,45.12,45.22,45.01,45.17,5162.121,2022-06-14 11:39:59.999,233026.90938,680.0,2201.414,99412.47395,0.0,1205.06,1205.89,1195.75,1197.92,7113.2717,8534268.27111,6037.0,2886.5943,3462668.007068,0.0,22625.91,22636.75,22526.59,22576.37,294.45284,6645705.03116,4713.0,159.3136,3595367.5370915,0.0
2022-06-14 11:40:00,45.14,45.18,44.72,44.84,4351.161,2022-06-14 11:44:59.999,195328.97792,506.0,1796.304,80589.40816,0.0,1197.91,1197.92,1188.52,1193.03,6808.8326,8120259.033172,6291.0,3240.1451,3863776.500004,0.0,22576.37,22579.26,22424.27,22487.1,393.60334,8851185.9712758,5021.0,182.83759,4111820.3804461,0.0
2022-06-14 11:45:00,44.8,44.89,44.41,44.41,4019.89,2022-06-14 11:49:59.999,179631.64389,500.0,1326.151,59267.86582,0.0,1193.03,1198.51,1188.5,1188.83,7894.9343,9432762.111872,5985.0,3413.5003,4079667.068765,0.0,22487.1,22549.98,22412.02,22412.92,299.69373,6745490.3552057,4764.0,135.29605,3044817.293177,0.0
2022-06-14 11:50:00,44.46,44.49,44.34,44.4,1406.725,2022-06-14 11:54:59.999,62485.39204,199.0,833.455,37041.86045,0.0,1188.83,1191.74,1186.43,1188.21,5284.267,6281005.639332,5212.0,2804.3399,3333285.73009,0.0,22412.92,22423.21,22370.0,22376.31,307.17098,6879519.9132754,5413.0,146.15622,3273305.5150499,0.0
2022-06-14 11:55:00,44.4,44.4,44.21,44.28,3067.221,2022-06-14 11:59:59.999,135866.19374,352.0,1066.421,47238.07531,0.0,1188.21,1190.15,1184.0,1186.26,5268.3155,6251726.889528,4818.0,2368.3545,2810677.986346,0.0,22376.3,22421.59,22327.5,22381.28,251.23655,5620608.9923477,5005.0,121.64236,2721260.8487696,0.0
2022-06-14 12:00:00,44.29,44.37,44.11,44.36,3478.915,2022-06-14 12:04:59.999,153840.87068,361.0,1548.729,68510.4681,0.0,1186.26,1191.12,1182.52,1189.62,5689.6156,6752221.65857,5421.0,3078.1845,3652783.278171,0.0,22381.27,22422.1,22311.62,22411.93,366.53008,8198239.1581122,5445.0,144.1937,3225111.3505135,0.0
2022-06-14 12:05:00,44.36,44.37,44.2,44.3,1911.288,2022-06-14 12:09:59.999,84602.54704,250.0,1094.721,48475.1322,0.0,1189.63,1190.31,1183.15,1186.17,4945.4161,5864980.913147,4595.0,2393.4916,2838305.263169,0.0,22411.94,22415.92,22329.99,22348.75,215.5623,4821286.9035528,4633.0,91.88337,2054648.9336984,0.0
2022-06-14 12:10:00,44.28,44.3,43.95,44.09,8585.477,2022-06-14 12:14:59.999,378945.25388,617.0,2674.182,117959.34298,0.0,1186.17,1186.52,1177.11,1180.01,15490.4402,18291261.312014,9724.0,7687.0038,9076325.632344,0.0,22348.74,22351.83,22154.62,22188.95,1082.36042,24072973.8067668,10445.0,342.18964,7607732.3474092,0.0
2022-06-14 12:15:00,44.03,44.09,43.83,43.93,5708.466,2022-06-14 12:19:59.999,250920.7435,568.0,2587.686,113754.7673,0.0,1180.01,1180.76,1172.02,1176.11,10796.1712,12700888.333568,8879.0,4926.4996,5796651.994703,0.0,22188.95,22195.82,22000.0,22042.56,1000.54047,22090499.2618853,13164.0,429.04962,9474658.3954181,0.0
2022-06-14 12:20:00,43.93,44.06,43.86,43.92,3075.341,2022-06-14 12:24:59.999,135167.10989,366.0,1207.703,53106.88263,0.0,1176.11,1183.24,1176.1,1177.86,7984.5454,9415729.396622,6449.0,3703.8267,4367663.879859,0.0,22042.55,22129.05,22042.55,22095.53,346.9405,7665362.6925056,5871.0,168.95073,3732316.8374713,0.0
2022-06-14 12:25:00,43.93,43.97,43.71,43.76,4468.582,2022-06-14 12:29:59.999,195873.57248,475.0,2628.661,115239.56573,0.0,1177.85,1178.33,1166.81,1168.95,11533.079,13518844.940712,8616.0,4895.4166,5740317.13187,0.0,22095.53,22098.5,21941.85,21978.91,634.99124,13976728.3838289,8891.0,288.34745,6347220.0306905,0.0
2022-06-14 12:30:00,43.76,43.88,43.72,43.8,1737.711,2022-06-14 12:34:59.999,76113.11111,288.0,880.216,38558.62526,0.0,1168.95,1173.55,1167.5,1167.83,4928.9501,5767639.2496,4984.0,1984.4888,2322529.05445,0.0,21978.91,22051.44,21960.36,21980.45,442.41007,9739467.1208467,5685.0,231.77673,5101772.9978354,0.0
2022-06-14 12:35:00,43.8,43.89,43.66,43.66,4355.791,2022-06-14 12:39:59.999,190686.04099,443.0,1807.735,79181.61402,0.0,1167.83,1172.6,1165.06,1165.06,9409.0135,10998041.411864,7162.0,4499.5205,5259442.078882,0.0,21980.45,22023.05,21929.98,21931.95,441.3478,9702053.8705528,6140.0,209.04224,4596020.1222015,0.0
2022-06-14 12:40:00,43.67,43.7,43.43,43.47,4819.624,2022-06-14 12:44:59.999,210074.70847,482.0,2623.618,114406.48726,0.0,1165.07,1168.78,1155.06,1156.27,13951.7552,16208737.429822,11992.0,6615.9214,7688090.59003,0.0,21931.94,21960.82,21765.43,21772.49,913.7769,19975142.9815169,11581.0,378.91307,8282427.138945,0.0
2022-06-14 12:45:00,43.47,43.66,43.4,43.62,4714.632,2022-06-14 12:49:59.999,205145.94228,497.0,2741.309,119329.15948,0.0,1156.27,1166.56,1154.37,1165.33,14302.6408,16579803.50482,10109.0,7719.3004,8948423.141934,0.0,21772.48,21949.72,21725.22,21927.17,957.53941,20904590.4142341,10766.0,540.42275,11797673.3604135,0.0
2022-06-14 12:50:00,43.66,43.8,43.61,43.68,3140.576,2022-06-14 12:54:59.999,137247.69719,376.0,1694.987,74081.20242,0.0,1165.34,1171.52,1165.33,1167.37,9534.38,11146351.143517,7426.0,4358.2414,5095584.396957,0.0,21927.17,21960.13,21871.99,21885.77,521.59652,11432481.4307786,6459.0,252.70988,5539137.4904861,0.0
2022-06-14 12:55:00,43.67,44.1,43.61,44.03,3895.716,2022-06-14 12:59:59.999,170907.85406,502.0,2435.576,106860.93693,0.0,1167.38,1176.76,1166.71,1175.23,8100.8605,9499701.356034,6807.0,4632.4499,5432718.576963,0.0,21885.77,22030.26,21875.71,21994.56,447.32646,9823498.8459261,6517.0,274.24572,6022139.2504225,0.0
2022-06-14 13:00:00,44.04,44.5,43.94,44.35,11249.67,2022-06-14 13:04:59.999,498322.10436,737.0,8428.664,373427.27022,0.0,1175.22,1186.45,1171.9,1181.83,8783.4497,10362551.023492,8959.0,4634.643,5469050.247844,0.0,21994.56,22172.93,21973.75,22071.43,708.93575,15651347.6649942,9177.0,349.58444,7719751.5128216,0.0
2022-06-14 13:05:00,44.3,44.4,44.06,44.06,3399.854,2022-06-14 13:09:59.999,150340.15259,420.0,1333.958,59040.48677,0.0,1181.83,1183.42,1171.5,1171.67,5068.0965,5970272.787933,5743.0,2267.6129,2671070.208011,0.0,22071.43,22131.54,21939.33,21941.55,439.6379,9689606.9110981,6932.0,222.60255,4906750.8025393,0.0
2022-06-14 13:10:00,44.06,44.3,43.97,44.2,5828.262,2022-06-14 13:14:59.999,257065.93327,510.0,4197.674,185211.11461,0.0,1171.7,1174.29,1168.5,1171.97,5061.9541,5927081.690177,5301.0,2779.3482,3254442.267998,0.0,21941.55,21982.05,21900.01,21950.0,357.4322,7838249.39751,5449.0,185.06973,4058845.0671701,0.0
2022-06-14 13:15:00,44.2,44.24,43.95,43.97,3017.575,2022-06-14 13:19:59.999,132888.70636,440.0,1308.981,57654.79716,0.0,1171.98,1173.28,1163.19,1165.62,7131.9651,8319872.940814,5819.0,3013.5424,3515264.006346,0.0,21950.0,21976.34,21860.91,21892.59,319.40675,6995239.6448741,5379.0,154.91879,3392632.4783557,0.0
2022-06-14 13:20:00,44.0,44.02,43.7,43.75,4836.343,2022-06-14 13:24:59.999,212234.72567,596.0,1790.718,78629.95429,0.0,1165.62,1169.69,1162.73,1166.39,3865.4037,4506898.288321,4394.0,1855.3995,2162941.835004,0.0,21892.6,21957.01,21845.48,21921.1,342.18499,7495679.6750872,4783.0,185.93716,4072914.6265638,0.0
2022-06-14 13:25:00,43.71,43.96,43.46,43.83,5879.627,2022-06-14 13:29:59.999,256607.26894,752.0,3342.368,145858.7807,0.0,1166.4,1166.4,1158.0,1160.26,8386.2183,9741096.470279,6887.0,4091.1946,4751445.491395,0.0,21921.1,21921.1,21811.01,21814.29,424.22892,9267085.1495467,5933.0,220.0467,4806519.0840741,0.0
2022-06-14 13:30:00,43.87,44.4,43.86,44.36,7277.905,2022-06-14 13:34:59.999,321135.80366,778.0,3207.441,141624.97332,0.0,1160.27,1189.47,1160.26,1187.54,17907.9177,21107950.651324,13727.0,8573.8985,10100399.068899,0.0,21814.29,22150.23,21814.29,22124.97,975.31008,21485703.4540422,11778.0,550.83831,12132451.5199405,0.0
2022-06-14 13:35:00,44.32,44.68,44.2,44.44,3654.566,2022-06-14 13:39:59.999,162507.96446,521.0,2014.129,89593.49687,0.0,1187.8,1207.31,1182.94,1198.43,16988.2061,20356929.528135,14235.0,9338.899,11190604.602082,0.0,22124.98,22312.02,22056.15,22185.65,719.06562,15971233.0246458,10550.0,361.91792,8037468.370019,0.0
2022-06-14 13:40:00,44.47,44.93,44.44,44.67,4403.914,2022-06-14 13:44:59.999,196954.79906,626.0,2544.903,113796.11865,0.0,1198.43,1218.55,1197.54,1206.31,16620.5414,20116101.98976,12769.0,8676.6978,10500453.640234,0.0,22185.65,22455.91,22181.26,22255.02,1047.73491,23401335.2541611,12646.0,494.30882,11035186.7260805,0.0
2022-06-14 13:45:00,44.68,44.98,44.58,44.61,3879.353,2022-06-14 13:49:59.999,173638.09073,584.0,2015.724,90225.57324,0.0,1206.31,1217.89,1197.12,1198.37,10540.5369,12733826.156,10664.0,5737.0846,6930624.505239,0.0,22255.03,22362.29,22134.62,22153.67,529.97428,11790765.7421537,8562.0,259.31267,5770246.4668065,0.0
2022-06-14 13:50:00,44.63,44.7,44.44,44.54,3137.73,2022-06-14 13:54:59.999,139853.39419,477.0,1327.433,59187.24631,0.0,1198.37,1203.48,1194.61,1202.57,5435.405,6518006.858359,7063.0,3051.2403,3658975.573544,0.0,22152.41,22208.9,22120.0,22189.99,455.42416,10094249.7320637,6441.0,245.56127,5442169.1882858,0.0
2022-06-14 13:55:00,44.55,44.65,44.42,44.46,3986.506,2022-06-14 13:59:59.999,177468.93697,389.0,1910.263,85055.11407,0.0,1202.57,1206.71,1196.68,1197.95,5358.8421,6434196.153919,6028.0,2562.7962,3077239.444739,0.0,22189.99,22248.62,22144.26,22150.85,469.40054,10412686.0781144,6466.0,248.04009,5502998.7462072,0.0
2022-06-14 14:00:00,44.45,44.67,44.36,44.59,2792.813,2022-06-14 14:04:59.999,124139.9006,409.0,1516.312,67431.87886,0.0,1197.94,1206.66,1197.0,1204.72,4472.3913,5367674.121897,5658.0,2314.4425,2777446.377129,0.0,22150.85,22226.81,22122.91,22202.56,358.84029,7950652.0815103,5938.0,198.86375,4406139.1805368,0.0
2022-06-14 14:05:00,44.55,44.57,44.35,44.57,3133.969,2022-06-14 14:09:59.999,139374.06303,375.0,1316.511,58559.01579,0.0,1204.71,1208.22,1197.12,1206.78,5813.8961,6988977.95766,5848.0,2737.7961,3292391.668088,0.0,22202.55,22262.6,22132.72,22256.33,298.38855,6620396.9711707,5294.0,148.05338,3284793.076646,0.0
2022-06-14 14:10:00,44.52,44.9,44.51,44.82,3020.332,2022-06-14 14:14:59.999,134985.93275,514.0,1791.925,80097.79883,0.0,1206.78,1214.28,1206.25,1209.01,8722.938,10557337.905354,7286.0,5238.6399,6339783.548235,0.0,22256.34,22343.07,22246.37,22260.59,355.52174,7925019.6902653,6650.0,168.68073,3759843.180919,0.0
2022-06-14 14:15:00,44.88,45.21,44.86,44.99,6593.472,2022-06-14 14:19:59.999,296867.29468,613.0,2724.168,122723.65962,0.0,1209.0,1229.0,1209.0,1225.33,20032.9077,24455688.645084,14669.0,12405.6441,15144682.900497,0.0,22260.59,22573.83,22260.59,22488.63,965.30056,21668460.0695299,11582.0,605.97135,13598014.0637126,0.0
2022-06-14 14:20:00,45.0,45.05,44.77,44.81,3350.938,2022-06-14 14:24:59.999,150423.03434,373.0,1683.213,75555.95945,0.0,1225.36,1229.27,1219.21,1223.22,9588.6137,11738487.130062,8627.0,4667.0454,5714173.265558,0.0,22488.64,22547.92,22394.23,22441.03,493.37715,11089825.0288797,7137.0,250.9673,5641290.0211223,0.0
2022-06-14 14:25:00,44.81,44.95,44.61,44.85,8375.234,2022-06-14 14:29:59.999,374575.45865,741.0,5542.467,247825.81633,0.0,1223.22,1228.94,1219.0,1226.68,7067.9829,8651455.592178,6773.0,3611.4641,4421189.151719,0.0,22441.04,22561.88,22371.65,22531.34,682.34992,15338398.3230671,8215.0,357.32852,8032111.8133327,0.0
2022-06-14 14:30:00,44.86,44.94,44.66,44.75,4786.061,2022-06-14 14:34:59.999,214351.93254,528.0,1891.871,84763.81277,0.0,1226.68,1229.41,1217.04,1223.06,14741.6839,18016488.422741,11975.0,7078.865,8653943.104621,0.0,22531.33,22591.78,22383.3,22445.07,834.94907,18749915.0149329,10970.0,380.47727,8544464.6242896,0.0
2022-06-14 14:35:00,44.75,44.77,44.38,44.5,6659.275,2022-06-14 14:39:59.999,296759.48995,701.0,3249.078,144876.63282,0.0,1222.97,1223.5,1212.65,1214.64,6780.9869,8254115.073025,7925.0,3192.8067,3886556.626279,0.0,22445.07,22463.72,22300.0,22339.99,662.09759,14811983.2831853,8983.0,307.26753,6874599.9929962,0.0
2022-06-14 14:40:00,44.48,44.51,43.98,44.1,4646.189,2022-06-14 14:44:59.999,205387.55464,679.0,1591.6,70399.27336,0.0,1214.64,1216.03,1188.81,1196.06,17829.7338,21410199.162988,14728.0,7569.3767,9083912.192918,0.0,22339.98,22362.54,21967.0,22055.65,1212.53401,26854195.1081835,13946.0,519.343,11507923.130804,0.0
2022-06-14 14:45:00,44.1,44.25,44.03,44.17,2582.499,2022-06-14 14:49:59.999,113971.07555,375.0,1645.597,72633.31474,0.0,1196.02,1204.5,1192.38,1200.73,11708.4244,14040434.64223,8887.0,5428.0005,6509502.032943,0.0,22055.66,22195.85,22009.23,22161.95,986.28361,21832484.1167699,9366.0,461.821,10223280.4304066,0.0
2022-06-14 14:50:00,44.16,44.29,43.84,44.28,2997.545,2022-06-14 14:54:59.999,132011.87601,397.0,1564.694,68951.38615,0.0,1200.73,1204.33,1190.49,1204.24,9759.2403,11685811.0904,8631.0,4766.5985,5705450.013945,0.0,22161.95,22207.0,22003.75,22206.99,615.14887,13596002.0410432,9086.0,299.80782,6627906.8450999,0.0
2022-06-14 14:55:00,44.25,44.67,44.2,44.62,3036.564,2022-06-14 14:59:59.999,134699.94677,431.0,1595.938,70852.48829,0.0,1204.24,1223.8,1202.5,1219.05,11834.4611,14323965.865354,10333.0,6820.7183,8254599.588979,0.0,22206.99,22448.68,22184.46,22411.33,764.9333,17046437.7697332,10700.0,401.63027,8952378.7187789,0.0
2022-06-14 15:00:00,44.65,44.84,44.5,44.51,4058.725,2022-06-14 15:04:59.999,181183.86094,529.0,1427.605,63763.15579,0.0,1219.05,1229.34,1215.01,1215.5,15507.6157,18960776.201235,12241.0,8355.5694,10221613.432195,0.0,22416.91,22486.44,22332.2,22340.61,601.32165,13484154.5030319,10392.0,318.03269,7132961.9551149,0.0
2022-06-14 15:05:00,44.5,44.53,44.05,44.07,4323.133,2022-06-14 15:09:59.999,191713.34913,550.0,1362.142,60390.54266,0.0,1215.5,1216.67,1202.57,1204.29,10736.7791,12990405.689932,9505.0,5261.5119,6367214.743315,0.0,22340.6,22364.33,22170.56,22198.69,644.70405,14369221.9110934,9407.0,340.77288,7595024.4025613,0.0
2022-06-14 15:10:00,44.07,44.17,43.91,44.05,5712.522,2022-06-14 15:14:59.999,251575.89779,503.0,1458.018,64229.70967,0.0,1204.29,1207.44,1198.82,1204.35,10016.3666,12049323.095493,7920.0,5249.4527,6316859.898358,0.0,22198.7,22224.47,22121.64,22207.01,481.19693,10672542.6476883,7817.0,266.09048,5901208.8939292,0.0
2022-06-14 15:15:00,44.02,44.32,43.9,44.25,3982.681,2022-06-14 15:19:59.999,175722.91229,591.0,2559.482,112883.15053,0.0,1204.36,1206.6,1197.88,1202.07,6777.6084,8148512.014118,6196.0,2987.5181,3592912.774645,0.0,22207.0,22227.45,22086.87,22167.67,595.2306,13191805.8592109,8725.0,277.42864,6148729.2448167,0.0
2022-06-14 15:20:00,44.21,44.35,44.03,44.2,3394.277,2022-06-14 15:24:59.999,150079.05071,435.0,1281.255,56666.49227,0.0,1202.07,1202.07,1193.19,1194.86,9846.666,11792666.517124,8097.0,4622.2147,5536387.45465,0.0,22167.67,22187.14,22058.92,22108.03,553.70412,12251304.9342945,8019.0,263.13271,5821834.0173421,0.0
2022-06-14 15:25:00,44.16,44.46,44.16,44.36,2513.553,2022-06-14 15:29:59.999,111454.94055,314.0,1315.768,58343.1214,0.0,1194.86,1204.0,1193.29,1198.49,5987.542,7174883.035096,5872.0,3552.6709,4256705.209998,0.0,22108.02,22170.99,22079.44,22125.31,429.50336,9502812.7282823,6324.0,220.68251,4882129.7880895,0.0
2022-06-14 15:30:00,44.39,44.4,44.0,44.32,1991.663,2022-06-14 15:34:59.999,88037.08529,347.0,837.831,37013.24519,0.0,1198.49,1201.82,1190.18,1201.69,8874.8028,10606621.72085,7858.0,4453.0432,5321502.432131,0.0,22125.32,22170.0,22019.06,22167.99,711.34692,15708508.7754181,8219.0,295.99896,6538295.6115489,0.0
2022-06-14 15:35:00,44.31,44.49,44.27,44.34,1738.161,2022-06-14 15:39:59.999,77200.77064,255.0,879.627,39063.12382,0.0,1201.69,1209.0,1199.68,1202.13,7407.8352,8928486.587475,7095.0,4475.0953,5394349.660335,0.0,22167.99,22253.68,22135.69,22177.92,361.84252,8036029.7241169,6545.0,184.04004,4087700.3262291,0.0
2022-06-14 15:40:00,44.32,44.41,44.02,44.21,3191.816,2022-06-14 15:44:59.999,141105.72673,426.0,1128.899,49896.14995,0.0,1202.13,1205.42,1193.29,1198.9,6662.4251,7989759.690642,6718.0,3181.3704,3815510.708134,0.0,22177.92,22285.71,22084.22,22177.11,512.22361,11363678.0411992,7656.0,285.7682,6339640.2238532,0.0
2022-06-14 15:45:00,44.19,44.83,44.16,44.83,4922.776,2022-06-14 15:49:59.999,219471.29425,621.0,3213.266,143142.82244,0.0,1198.9,1222.1,1195.65,1221.24,10571.9211,12825907.333196,9821.0,6613.6972,8025323.449459,0.0,22177.11,22489.74,22136.76,22469.75,1047.84658,23444680.1642355,12332.0,670.3172,14992772.1601588,0.0
2022-06-14 15:50:00,44.78,44.9,44.38,44.43,3417.22,2022-06-14 15:54:59.999,152680.00992,584.0,1363.923,60970.39648,0.0,1221.25,1225.76,1212.84,1214.74,10974.9234,13393837.577093,8976.0,6417.9245,7833555.564019,0.0,22469.74,22555.0,22370.1,22401.89,1022.69402,22991494.9963993,12129.0,570.04865,12815948.8407523,0.0
2022-06-14 15:55:00,44.41,45.13,44.39,45.09,6131.605,2022-06-14 15:59:59.999,274585.79767,775.0,4525.343,202580.48432,0.0,1214.75,1225.0,1210.58,1222.38,11782.6793,14351676.944097,8788.0,7112.4337,8665292.061061,0.0,22401.89,22525.0,22367.38,22513.72,411.54428,9241126.4911699,6986.0,213.29254,4790269.2313342,0.0
2022-06-14 16:00:00,45.09,45.22,44.9,44.99,2712.108,2022-06-14 16:04:59.999,122208.44506,472.0,1309.3,59040.28928,0.0,1222.38,1238.48,1218.94,1230.06,13738.8514,16883462.732559,12916.0,7740.2508,9511870.501411,0.0,22513.71,22773.0,22463.25,22642.52,1206.24002,27315005.9308624,14255.0,723.88337,16399011.117539,0.0
2022-06-14 16:05:00,44.99,45.6,44.99,45.16,4754.44,2022-06-14 16:09:59.999,215238.90769,807.0,3257.96,147524.10153,0.0,1230.33,1233.0,1223.15,1227.88,6358.3401,7808619.197695,6870.0,3338.6801,4099889.687497,0.0,22642.52,22682.26,22570.39,22602.25,505.59766,11439152.9124923,7822.0,234.19394,5298634.9462116,0.0
2022-06-14 16:10:00,45.2,45.24,44.86,44.99,3477.261,2022-06-14 16:14:59.999,156570.9263,537.0,980.699,44220.88162,0.0,1227.88,1232.74,1223.88,1226.86,3664.916,4501348.62158,4846.0,1874.9178,2302693.398246,0.0,22602.25,22635.83,22522.86,22533.47,275.649,6223194.5564381,6420.0,131.85467,2977180.1198999,0.0
2022-06-14 16:15:00,44.99,45.0,44.71,44.82,1130.182,2022-06-14 16:19:59.999,50673.87771,295.0,591.113,26500.66851,0.0,1226.86,1229.21,1213.62,1221.49,11891.014,14500334.466468,8567.0,4427.2931,5400055.692365,0.0,22533.48,22560.11,22352.49,22480.21,552.41322,12393188.9169922,9407.0,293.5602,6586342.9854155,0.0
2022-06-14 16:20:00,44.85,45.05,44.74,45.0,2213.169,2022-06-14 16:24:59.999,99339.74065,304.0,1079.01,48421.839,0.0,1221.5,1229.0,1217.23,1228.39,6750.0755,8258393.036353,5380.0,3315.1198,4055154.574356,0.0,22480.21,22546.02,22389.42,22526.03,407.03771,9144728.4368258,6799.0,215.50658,4841390.1185393,0.0
2022-06-14 16:25:00,45.02,45.57,44.97,45.51,8181.789,2022-06-14 16:29:59.999,370451.29743,1069.0,4554.338,206189.44853,0.0,1228.39,1230.7,1223.3,1226.26,5099.4794,6261049.815756,4917.0,3024.4981,3713566.620459,0.0,22526.03,22549.93,22418.9,22472.87,315.79012,7100511.8138908,5435.0,171.27194,3849365.7996026,0.0
2022-06-14 16:30:00,45.51,45.51,45.03,45.36,3941.678,2022-06-14 16:34:59.999,178509.00666,599.0,1407.738,63714.55393,0.0,1226.27,1226.27,1213.17,1222.8,6969.3307,8499943.570183,6378.0,3789.8668,4623475.416411,0.0,22472.87,22472.87,22260.94,22400.05,569.64338,12735866.0792122,8364.0,259.00594,5790243.2358153,0.0
2022-06-14 16:35:00,45.35,46.39,45.34,45.66,21163.61,2022-06-14 16:39:59.999,971552.35326,2668.0,9757.726,447888.04839,0.0,1222.8,1234.0,1222.41,1227.15,9236.8359,11357446.472195,7545.0,5624.0824,6916543.891818,0.0,22400.05,22586.93,22398.43,22480.14,488.29874,10989400.4989439,8382.0,271.46113,6109031.9205511,0.0
2022-06-14 16:40:00,45.7,45.87,45.4,45.77,18791.502,2022-06-14 16:44:59.999,857350.62319,1906.0,8978.282,409895.21198,0.0,1227.15,1242.51,1226.03,1239.3,13092.5469,16174922.599386,9895.0,8469.1349,10463092.324449,0.0,22480.14,22684.11,22468.53,22659.15,643.22531,14538855.3141676,9414.0,374.35059,8461370.5070882,0.0
2022-06-14 16:45:00,45.76,46.06,45.57,45.67,6952.548,2022-06-14 16:49:59.999,318253.76159,927.0,2574.721,117869.73652,0.0,1239.31,1259.99,1236.25,1245.4,26006.8003,32405060.08758,16917.0,10278.4323,12821999.9182,0.0,22659.16,22800.0,22601.11,22675.74,991.15325,22494710.4225145,12825.0,550.81194,12503857.0583504,0.0
2022-06-14 16:50:00,45.66,45.77,45.41,45.63,7428.587,2022-06-14 16:54:59.999,338505.30865,672.0,4503.689,205301.35927,0.0,1245.39,1255.0,1243.99,1246.07,8716.8784,10878078.334874,7670.0,4603.8866,5746383.311286,0.0,22675.73,22761.28,22613.12,22660.01,402.46602,9132543.9131727,7706.0,235.16947,5337638.7578762,0.0
2022-06-14 16:55:00,45.6,45.7,45.44,45.57,2978.33,2022-06-14 16:59:59.999,135822.37347,495.0,1600.779,73001.99235,0.0,1246.06,1255.0,1243.91,1250.67,5456.8584,6816921.239699,6055.0,2794.0446,3490343.859635,0.0,22661.11,22750.0,22620.79,22680.38,416.12343,9443788.270111,7118.0,211.90436,4809664.5706571,0.0
2022-06-14 17:00:00,45.59,45.87,45.38,45.5,6163.251,2022-06-14 17:04:59.999,280846.93393,795.0,2696.871,123009.72669,0.0,1250.66,1268.45,1243.0,1247.71,11117.7929,13954212.78066,11966.0,5771.1501,7250072.908412,0.0,22680.38,22777.07,22612.24,22640.42,430.66108,9772471.8222836,8659.0,213.82129,4853522.86365,0.0
2022-06-14 17:05:00,45.46,45.6,45.22,45.54,4974.793,2022-06-14 17:09:59.999,225724.32274,664.0,2155.929,97911.26549,0.0,1247.93,1248.89,1237.0,1242.03,13239.1722,16464848.923598,10528.0,5104.6087,6345734.722794,0.0,22640.41,22646.1,22507.0,22608.14,348.87874,7877365.0412743,7937.0,191.46882,4323575.9027624,0.0
2022-06-14 17:10:00,45.59,45.62,45.3,45.31,1602.588,2022-06-14 17:14:59.999,72847.807,237.0,447.839,20371.17677,0.0,1242.03,1243.2,1235.0,1235.32,7336.7683,9094632.124648,5929.0,2300.3808,2852219.764808,0.0,22608.15,22623.77,22526.72,22538.18,222.50355,5026127.5216103,5336.0,111.68242,2522969.9875591,0.0
2022-06-14 17:15:00,45.3,45.53,45.25,45.5,2638.119,2022-06-14 17:19:59.999,119850.20164,318.0,1348.325,61265.39022,0.0,1235.31,1243.0,1233.0,1241.96,5893.8701,7294773.341971,6223.0,3352.0578,4148601.51284,0.0,22538.18,22701.15,22490.01,22679.05,292.07461,6603083.9760558,6921.0,169.5393,3833485.4760018,0.0
2022-06-14 17:20:00,45.46,45.58,45.1,45.2,2976.339,2022-06-14 17:24:59.999,134850.41498,419.0,1408.697,63820.68002,0.0,1241.97,1245.31,1230.32,1234.0,5504.1416,6807815.342659,5701.0,2274.8568,2813680.160011,0.0,22679.04,22726.4,22556.91,22607.75,389.12651,8801227.0454297,6906.0,124.09666,2806703.5901875,0.0
2022-06-14 17:25:00,45.19,45.46,45.06,45.26,6439.811,2022-06-14 17:29:59.999,291556.68625,644.0,3004.659,136053.09409,0.0,1234.04,1238.54,1231.73,1236.53,8383.1723,10355360.658079,5503.0,5182.3937,6401975.535468,0.0,22607.74,22686.41,22575.21,22679.74,209.92718,4755345.7351292,5374.0,104.29671,2362546.4852917,0.0
2022-06-14 17:30:00,45.26,45.37,45.1,45.2,3189.81,2022-06-14 17:34:59.999,144270.53007,412.0,1720.389,77837.88816,0.0,1236.54,1240.99,1228.67,1233.37,3405.0422,4205130.354042,4791.0,1565.0943,1932785.541833,0.0,22679.74,22743.67,22600.0,22671.43,251.47868,5699071.1627819,6856.0,120.4237,2729526.6598482,0.0
2022-06-14 17:35:00,45.2,45.23,44.87,44.97,2887.868,2022-06-14 17:39:59.999,130000.54832,486.0,1205.972,54319.34362,0.0,1233.37,1233.73,1224.42,1228.3,4204.3293,5162564.819405,5440.0,1832.7098,2250217.138692,0.0,22672.61,22672.61,22455.34,22516.52,429.11261,9667783.8400816,7992.0,185.48545,4178544.3889013,0.0
2022-06-14 17:40:00,44.94,45.07,44.81,44.85,2684.525,2022-06-14 17:44:59.999,120675.5612,362.0,1246.781,56071.64639,0.0,1228.03,1234.53,1225.3,1226.03,8235.3972,10126860.908901,6179.0,3607.3697,4436143.06243,0.0,22516.51,22559.15,22466.03,22500.0,247.86824,5582196.176754,5860.0,122.05154,2749186.9406616,0.0
2022-06-14 17:45:00,44.85,44.99,44.72,44.94,3290.41,2022-06-14 17:49:59.999,147601.68263,363.0,1398.482,62748.51147,0.0,1226.04,1227.65,1221.73,1225.34,5573.992,6827510.135114,4930.0,3368.9907,4127619.592655,0.0,22500.0,22529.49,22421.16,22484.59,266.67942,5991395.5999963,5866.0,147.1573,3306315.6578606,0.0
2022-06-14 17:50:00,44.94,44.94,44.8,44.81,1037.746,2022-06-14 17:54:59.999,46551.38798,187.0,465.948,20903.61142,0.0,1225.33,1227.26,1223.26,1226.53,1770.7828,2169881.520604,2877.0,815.1082,998781.418928,0.0,22489.0,22502.82,22451.19,22491.66,142.11028,3194389.3198257,4144.0,72.46729,1628885.7879222,0.0
2022-06-14 17:55:00,44.82,44.94,44.71,44.89,2256.294,2022-06-14 17:59:59.999,101142.57747,327.0,963.917,43210.00118,0.0,1226.52,1231.91,1224.21,1226.94,2455.3263,3014755.973803,3445.0,1247.2935,1531358.887398,0.0,22491.66,22539.0,22457.28,22484.69,156.2047,3514591.2157103,4090.0,82.19085,1849281.0079612,0.0
2022-06-14 18:00:00,44.87,45.26,44.85,45.23,3937.845,2022-06-14 18:04:59.999,177489.87233,595.0,2168.148,97714.07199,0.0,1226.94,1229.91,1220.69,1226.68,3502.8221,4290462.498223,4371.0,1558.6896,1909322.418356,0.0,22484.69,22531.17,22432.24,22506.43,209.00389,4698201.4870905,5314.0,118.89752,2672945.5663699,0.0
2022-06-14 18:05:00,45.22,45.37,45.18,45.35,2232.319,2022-06-14 18:09:59.999,101101.59961,312.0,1333.287,60385.54101,0.0,1226.68,1236.3,1224.53,1234.07,3782.5002,4656485.545042,4666.0,1990.192,2449775.093743,0.0,22506.43,22644.34,22474.02,22627.75,258.58074,5835416.2760861,6117.0,157.71249,3558602.5987215,0.0
2022-06-14 18:10:00,45.33,45.37,45.1,45.14,2018.487,2022-06-14 18:14:59.999,91335.03636,284.0,769.339,34845.43927,0.0,1234.07,1234.41,1229.28,1230.55,2091.4266,2575800.748493,2655.0,978.3371,1205121.235137,0.0,22627.76,22627.77,22555.87,22573.33,192.76815,4355394.4384405,4282.0,59.20165,1337398.4554688,0.0
2022-06-14 18:15:00,45.14,45.44,45.11,45.35,2117.941,2022-06-14 18:19:59.999,95996.97514,299.0,1268.459,57486.63953,0.0,1230.56,1238.8,1229.3,1236.56,3105.0229,3835008.947961,3575.0,1398.1751,1726062.701885,0.0,22573.32,22680.0,22558.3,22628.99,243.95341,5519449.2625027,5612.0,131.34368,2971274.6768901,0.0
2022-06-14 18:20:00,45.35,45.37,45.11,45.35,5362.444,2022-06-14 18:24:59.999,242707.11057,497.0,2137.584,96725.50948,0.0,1236.57,1242.75,1233.58,1241.2,2923.6777,3622427.474279,3719.0,1634.3225,2024786.301939,0.0,22628.99,22720.26,22588.57,22713.08,205.24113,4651372.216895,5329.0,113.40923,2570184.133004,0.0
2022-06-14 18:25:00,45.34,45.4,45.22,45.27,1812.964,2022-06-14 18:29:59.999,82141.50185,249.0,1191.067,53964.62636,0.0,1241.2,1244.37,1234.72,1235.98,3492.2246,4328144.811701,3834.0,1997.8652,2476031.004021,0.0,22713.07,22740.0,22629.81,22644.81,203.86721,4620668.6260712,5186.0,109.82357,2489090.4106515,0.0
2022-06-14 18:30:00,45.26,45.39,44.98,45.04,7463.203,2022-06-14 18:34:59.999,337805.47046,673.0,2313.033,104649.30404,0.0,1235.97,1239.89,1229.17,1229.3,3153.8477,3893168.302697,3590.0,1484.2268,1832072.409758,0.0,22644.8,22698.0,22565.7,22569.47,157.30776,3561958.9091856,5002.0,69.40493,1571629.5860774,0.0
2022-06-14 18:35:00,45.02,45.04,44.41,44.76,14941.055,2022-06-14 18:39:59.999,667986.07714,1559.0,6241.302,278937.32746,0.0,1229.29,1229.53,1216.97,1218.57,5300.8568,6479109.023075,6199.0,2441.7923,2984866.366302,0.0,22569.46,22569.47,22390.39,22437.65,353.28828,7938162.0396407,8173.0,159.72403,3589773.4519947,0.0
2022-06-14 18:40:00,44.77,44.83,44.6,44.83,4263.461,2022-06-14 18:44:59.999,190630.9593,557.0,2178.822,97427.03794,0.0,1218.57,1221.37,1214.01,1219.62,6365.1639,7751188.538568,5358.0,2812.5223,3425456.775428,0.0,22437.65,22467.34,22356.26,22417.35,486.71852,10904689.8666668,7521.0,266.98823,5982213.0694093,0.0
2022-06-14 18:45:00,44.81,45.02,44.72,44.8,4709.127,2022-06-14 18:49:59.999,211285.23469,557.0,2274.073,102040.27263,0.0,1219.85,1223.0,1213.79,1216.46,5842.3485,7116536.531907,4793.0,2747.3425,3346362.305274,0.0,22417.36,22453.38,22325.0,22395.51,401.15799,8984056.8124668,7111.0,178.54833,3998433.6105084,0.0
2022-06-14 18:50:00,44.8,44.98,44.8,44.93,2227.534,2022-06-14 18:54:59.999,100025.70585,250.0,1208.338,54240.10335,0.0,1216.46,1219.39,1215.35,1217.24,1733.4661,2110363.713137,2356.0,1015.6861,1236487.670149,0.0,22395.51,22440.98,22379.92,22411.49,139.52832,3126955.9321333,3746.0,76.97139,1724994.3621423,0.0
2022-06-14 18:55:00,44.93,44.99,44.74,44.74,1899.824,2022-06-14 18:59:59.999,85291.20323,271.0,768.066,34493.7416,0.0,1217.24,1218.48,1213.35,1213.4,1747.9337,2126358.29332,2263.0,631.1862,767978.015336,0.0,22411.49,22431.9,22355.0,22361.56,167.94926,3762883.0607893,3652.0,86.93082,1947855.6998685,0.0
2022-06-14 19:00:00,44.73,45.14,44.7,45.03,4990.81,2022-06-14 19:04:59.999,224379.54498,620.0,2914.24,130976.09286,0.0,1213.4,1223.12,1211.37,1220.12,3058.4081,3725196.083327,3612.0,1687.6444,2054790.026408,0.0,22361.94,22480.0,22343.37,22430.35,201.4254,4516658.9360376,5131.0,105.58072,2367183.40135,0.0
2022-06-14 19:05:00,45.04,45.38,45.04,45.23,4754.665,2022-06-14 19:09:59.999,214940.89634,607.0,2622.212,118482.05001,0.0,1219.98,1225.19,1218.63,1223.1,1971.8322,2411380.847304,2498.0,1049.0949,1282946.144661,0.0,22430.35,22476.72,22409.74,22439.48,156.49556,3513157.9884757,4098.0,79.52824,1785256.8782796,0.0
2022-06-14 19:10:00,45.22,45.39,45.11,45.3,4772.464,2022-06-14 19:14:59.999,215948.84359,536.0,2816.165,127426.87484,0.0,1223.1,1223.22,1218.7,1223.03,2000.6253,2443054.779613,2502.0,1060.6698,1295074.313143,0.0,22439.48,22445.42,22367.09,22436.04,210.3774,4714546.3865518,4542.0,123.38002,2764932.1571967,0.0
2022-06-14 19:15:00,45.3,45.6,45.3,45.54,3013.999,2022-06-14 19:19:59.999,137009.8279,422.0,1987.725,90363.00517,0.0,1223.04,1227.59,1221.31,1226.21,1541.2072,1887310.763824,2431.0,780.6762,955925.814079,0.0,22436.04,22500.0,22420.01,22479.07,221.47186,4974031.5887042,4050.0,148.96962,3345985.345401,0.0
2022-06-14 19:20:00,45.58,45.63,45.43,45.45,2720.619,2022-06-14 19:24:59.999,123850.6017,387.0,1086.311,49445.74287,0.0,1226.6,1227.27,1222.81,1223.66,1092.9395,1339366.551888,1881.0,522.7737,640648.704933,0.0,22479.08,22510.86,22444.47,22465.08,103.41101,2324883.3863622,3727.0,53.79552,1209509.3410505,0.0
2022-06-14 19:25:00,45.42,45.63,45.3,45.38,3729.405,2022-06-14 19:29:59.999,169608.80126,427.0,1975.32,89852.32982,0.0,1223.66,1229.0,1220.0,1221.42,2839.6701,3478559.140548,2804.0,1160.2558,1421884.573642,0.0,22465.08,22534.24,22417.17,22446.39,206.33228,4639845.0801396,4574.0,98.401,2212694.6201591,0.0
2022-06-14 19:30:00,45.33,45.77,45.31,45.65,4555.708,2022-06-14 19:34:59.999,207158.43233,653.0,2427.081,110349.96016,0.0,1221.42,1229.48,1213.62,1226.93,5652.7772,6898926.425044,5815.0,2740.3842,3345200.610361,0.0,22446.4,22576.25,22370.0,22535.22,263.54427,5919208.5952495,6145.0,152.15298,3419488.9562267,0.0
2022-06-14 19:35:00,45.65,45.84,45.54,45.78,4473.148,2022-06-14 19:39:59.999,204340.08302,527.0,3008.406,137442.93146,0.0,1226.93,1231.85,1225.37,1230.0,2479.4277,3045646.129868,3606.0,1251.5795,1537392.632788,0.0,22535.23,22590.72,22504.64,22566.95,210.45881,4744726.748545,4888.0,78.78709,1776585.0469184,0.0
2022-06-14 19:40:00,45.78,45.79,45.59,45.7,3454.568,2022-06-14 19:44:59.999,157816.49241,396.0,1696.595,77501.60505,0.0,1230.01,1230.25,1222.53,1227.75,2288.2736,2804761.136504,3062.0,1159.3838,1420841.077369,0.0,22566.94,22573.29,22470.37,22501.84,189.84762,4275625.3125651,5525.0,109.10147,2457723.9731273,0.0
2022-06-14 19:45:00,45.69,45.78,45.09,45.13,3829.757,2022-06-14 19:49:59.999,173550.32839,619.0,1571.458,71250.05735,0.0,1227.75,1230.65,1213.5,1214.68,5838.1497,7111937.334831,5052.0,1765.635,2152636.647249,0.0,22501.85,22545.65,22263.29,22277.51,336.51576,7523293.3678829,8063.0,142.38365,3184576.6825077,0.0
2022-06-14 19:50:00,45.13,45.22,44.91,44.94,3730.356,2022-06-14 19:54:59.999,168133.98897,565.0,1645.609,74206.92517,0.0,1214.99,1215.13,1206.99,1209.69,7029.365,8510455.185212,7598.0,3312.9885,4010986.132146,0.0,22277.5,22338.42,22219.23,22277.11,368.35531,8206942.7621245,8604.0,215.90893,4811165.7470566,0.0
2022-06-14 19:55:00,44.92,45.19,44.88,45.18,3151.565,2022-06-14 19:59:59.999,142041.48857,383.0,2324.259,104795.57422,0.0,1209.69,1212.29,1205.66,1209.5,3588.1836,4338971.270619,4599.0,2281.4209,2758832.076399,0.0,22277.11,22307.21,22246.38,22297.16,243.74405,5430335.383435,5102.0,124.54898,2774952.395324,0.0
2022-06-14 20:00:00,45.19,45.34,44.98,45.29,4306.571,2022-06-14 20:04:59.999,194630.42588,577.0,2435.494,110125.78981,0.0,1209.49,1212.8,1205.65,1207.18,2518.8563,3046261.582835,3614.0,1057.658,1279163.093256,0.0,22297.16,22331.77,22243.14,22247.58,198.67638,4428202.612645,5062.0,98.62037,2198354.2053668,0.0
2022-06-14 20:05:00,45.29,45.32,45.15,45.2,1854.71,2022-06-14 20:09:59.999,83870.54243,238.0,597.885,27048.17233,0.0,1207.18,1208.51,1203.44,1204.27,2397.2776,2889149.222591,2981.0,1111.1497,1339065.91741,0.0,22247.57,22263.87,22193.72,22211.37,193.21072,4293729.8768605,4935.0,97.58361,2168720.4302331,0.0
2022-06-14 20:10:00,45.2,45.5,45.2,45.23,4754.861,2022-06-14 20:14:59.999,215573.40695,542.0,2546.573,115479.83909,0.0,1204.28,1207.21,1198.0,1199.1,4817.356,5790664.723725,5233.0,2051.1612,2467227.608945,0.0,22211.36,22262.55,22126.4,22128.33,396.1639,8791701.719325,5700.0,187.139,4153257.374196,0.0
2022-06-14 20:15:00,45.24,45.38,45.13,45.17,1830.901,2022-06-14 20:19:59.999,82873.4652,298.0,1084.694,49103.58096,0.0,1199.1,1204.15,1197.09,1198.71,3397.5488,4078063.457275,3584.0,2180.6448,2617496.365236,0.0,22128.34,22209.04,22126.51,22169.5,173.16496,3838494.6380826,4160.0,88.80778,1968332.7949329,0.0
2022-06-14 20:20:00,45.16,45.23,45.05,45.06,1841.135,2022-06-14 20:24:59.999,83109.70636,269.0,929.356,41942.98676,0.0,1198.72,1201.27,1195.17,1195.37,2509.061,3007133.048909,3277.0,1356.7806,1626172.373808,0.0,22169.5,22208.57,22130.0,22130.01,179.64184,3983691.2783678,4286.0,76.58197,1698026.7400226,0.0
2022-06-14 20:25:00,45.08,45.26,45.08,45.21,1263.452,2022-06-14 20:29:59.999,57093.92932,196.0,807.92,36512.96892,0.0,1195.36,1199.49,1195.32,1196.44,2111.0177,2527435.512504,2773.0,1116.1841,1336265.725612,0.0,22130.0,22190.87,22128.32,22150.0,171.55478,3801668.2998793,4470.0,102.58532,2273316.8469584,0.0
2022-06-14 20:30:00,45.21,45.41,45.15,45.27,2718.365,2022-06-14 20:34:59.999,123128.5105,382.0,1405.932,63673.42866,0.0,1196.44,1206.46,1195.44,1202.13,2754.2094,3309494.585701,3537.0,1558.4828,1873052.776787,0.0,22150.01,22265.0,22140.02,22221.41,241.17731,5358955.8718492,5471.0,144.09714,3201845.1247288,0.0
2022-06-14 20:35:00,45.29,45.5,45.23,45.4,2368.112,2022-06-14 20:39:59.999,107461.93081,324.0,1324.151,60081.18075,0.0,1202.13,1208.48,1201.43,1204.93,2162.0062,2604507.450625,2567.0,1379.0397,1661269.972014,0.0,22221.4,22294.87,22195.07,22263.24,148.00205,3293119.3559803,4050.0,83.62382,1860632.3553755,0.0
2022-06-14 20:40:00,45.4,45.49,45.35,45.41,1267.871,2022-06-14 20:44:59.999,57588.43712,220.0,706.722,32100.2632,0.0,1204.94,1209.0,1204.2,1204.69,1862.4332,2247062.741762,2381.0,1125.5637,1358037.848819,0.0,22263.24,22320.0,22238.25,22245.79,142.45472,3174310.7352127,4083.0,87.48583,1949548.0237295,0.0
2022-06-14 20:45:00,45.4,45.6,45.35,45.5,3444.294,2022-06-14 20:49:59.999,156682.8694,400.0,1485.278,67596.34711,0.0,1204.7,1211.75,1202.57,1207.75,2237.5833,2699031.961639,3021.0,1223.3291,1475968.216684,0.0,22245.8,22277.54,22215.19,22236.42,127.52815,2835795.6064303,4096.0,64.8342,1441822.8994182,0.0
2022-06-14 20:50:00,45.51,45.52,45.2,45.2,1190.71,2022-06-14 20:54:59.999,54005.04341,134.0,372.947,16910.13353,0.0,1207.74,1208.96,1203.59,1203.59,858.1975,1035198.033726,637.0,385.3244,464916.244975,0.0,22236.42,22252.29,22160.01,22167.55,69.05302,1533152.5847686,1004.0,20.61414,457708.9033726,0.0
